No. of Digite,number of space,"Number(fromcharcode,charcodeAt,charAt)",Long string,longest string length,hexa value,eval(),concat(),iframe,unescap(),escape(),search(),setAttribute(),toStiring(),parseInt(),setTimeout(),ActiveXObject(),split(),substring(),replace(),decode(),Math.random(),console.log(),document.addEventListener(),window.location(),attachEvent(),createElement(),getElementById(),getCookie,document.write(),onerror(),onunload(),onload(),dispatchEvent,.js,.php,var,function,var _,encodeURIComponent,decodeURIComponent,/,|,%,no of( \),no of =,;,#,no of +,., no of ',Found / Not Found
133,5217,0,0,0,0,0,0,0,0,0,0,0,0,0,1,0,0,0,0,0,0,0,0,0,0,0,0,0,0,0,0,0,0,0,0,30,32,0,0,0,5,32,0,0,117,61,0,33,250,0,0
44,1043,0,0,0,0,0,0,1,0,0,0,0,0,0,0,0,3,0,1,0,0,0,0,0,0,0,0,0,0,0,0,0,0,0,0,6,20,0,0,0,7,13,0,2,62,13,10,15,126,30,0
736,32,8,0,0,0,1,0,0,0,0,0,0,0,0,0,0,0,0,0,0,0,0,0,0,0,0,0,0,0,0,0,0,0,0,0,4,2,0,0,0,5,3,0,0,27,18,0,14,14,6,1
256,17382,0,0,0,0,0,0,1,0,0,0,0,0,0,0,0,0,0,0,0,2,0,0,0,0,0,0,0,0,0,0,0,3,2,0,358,289,9,0,0,1432,91,12,0,921,1241,7,154,1492,716,0
10,7,0,0,0,0,0,0,0,0,0,1,0,0,0,1,0,0,0,0,0,0,0,0,1,0,0,0,0,0,0,0,0,0,1,1,4,0,0,4,0,15,6,0,0,35,9,0,16,28,28,1
1331,1410,0,4,372,0,0,0,6,0,0,0,0,0,0,0,0,0,0,0,0,2,0,0,0,0,0,0,0,0,0,0,0,3,3,0,473,700,0,1,2,207,386,27,6,3074,844,103,389,5541,74,0
7121,29,0,16,15148,4160,1,0,0,0,0,0,0,1,1,0,0,0,0,0,0,0,0,0,0,0,0,0,0,0,0,0,0,0,0,0,4,8,4,0,0,5,2,1,4160,11,26,0,7,1,0,1
22,3231,0,0,0,0,0,1,0,0,0,0,2,0,0,1,0,0,0,3,0,0,0,0,1,0,2,0,0,0,0,0,0,1,1,0,24,44,0,0,0,8,22,0,6,135,32,1,16,137,4,0
126,121,1,0,0,0,1,0,0,0,0,0,0,6,5,0,0,0,1,5,0,0,0,0,2,0,0,0,0,0,0,0,0,0,0,0,28,39,1,4,1,19,29,0,42,158,60,0,55,154,12,1
1181,478,0,3,583,0,0,0,25,0,0,0,0,0,0,0,0,0,0,0,0,0,0,0,0,0,0,0,0,0,0,0,0,1,0,0,201,228,0,0,0,87,449,3,1,1450,381,3,142,3940,0,0
1505,635,1,0,0,0,1,0,0,0,0,0,0,0,0,0,0,0,0,0,0,0,0,0,0,0,0,0,0,0,0,0,0,0,0,0,0,0,0,0,0,12,0,0,0,8,1,0,0,6,12,1
969,39346,0,0,0,0,0,0,31,0,0,0,0,0,0,0,0,0,0,0,0,0,0,0,0,0,0,0,0,0,0,0,0,1,1,0,284,237,8,0,0,609,289,3,1,1489,1851,12,156,4061,474,0
189,490,7,0,0,0,0,0,0,0,0,7,0,0,0,7,0,7,14,0,0,0,0,0,21,0,0,0,21,7,0,0,0,0,0,7,57,21,0,14,0,64,0,0,0,343,133,0,196,212,224,1
1106,70534,3,0,0,13,0,2,1,0,3,0,14,3,1,8,0,10,0,33,0,2,0,0,0,2,19,0,0,0,2,1,2,0,9,0,282,601,0,2,0,177,1080,0,257,3187,656,11,513,3105,33,0
66,2334,0,0,0,0,0,0,0,0,0,0,0,0,1,0,0,0,0,0,0,0,0,0,0,0,1,0,0,0,0,0,0,0,0,0,11,39,0,0,0,22,41,0,2,86,17,1,22,149,2,0
4989,119,0,10,6180,1749,0,0,0,0,0,0,0,0,0,0,0,0,0,0,0,0,0,0,0,0,0,0,0,0,0,0,0,0,0,0,27,8,27,0,1,5,4,7,1749,78,65,0,28,3,0,1
236,195,0,1,164,0,0,0,8,0,0,0,0,0,0,0,0,0,0,0,0,0,0,0,0,0,0,0,0,0,0,0,0,0,0,0,62,112,1,0,0,56,98,43,0,435,119,1,96,984,14,0
559,32,0,1,82,118,0,0,0,0,0,0,0,0,0,0,0,0,0,0,0,0,0,0,0,0,0,0,0,0,0,0,0,0,0,0,10,2,3,0,0,8,0,0,118,24,18,0,0,2,0,1
199,3043,0,0,0,0,0,0,17,0,0,0,0,0,0,0,0,0,0,0,0,0,0,0,0,0,0,0,0,0,0,0,0,0,0,0,77,119,3,0,0,330,60,43,0,469,586,3,117,1014,591,0
6,68,0,0,0,0,0,0,0,0,0,0,0,0,0,1,0,0,0,0,0,0,0,0,0,0,0,0,0,1,0,0,0,0,0,1,7,0,0,4,0,7,0,0,0,22,9,0,12,8,14,1
137,13827,0,0,0,0,0,7,0,0,0,0,0,1,0,4,1,0,0,0,0,0,0,0,0,2,5,0,0,0,3,0,4,0,0,0,82,86,0,0,0,27,153,4,3,388,206,0,51,452,0,0
1998,671,3,0,0,0,1,0,0,0,0,0,0,0,0,0,0,0,0,0,0,0,0,0,0,0,2,0,0,0,0,0,0,0,0,0,11,5,5,0,0,3,1,0,0,24,30,0,2,12,58,1
111,4375,0,0,0,0,0,0,0,0,0,0,4,0,0,0,0,0,0,0,0,2,0,0,0,0,3,2,0,0,0,0,0,0,0,0,25,26,0,0,0,8,36,0,0,218,60,0,37,230,0,0
164,293,0,0,0,0,0,1,0,0,3,0,1,0,0,11,0,1,0,12,0,0,0,0,1,0,1,0,0,0,0,0,0,0,0,0,98,199,0,0,0,46,151,1,17,603,160,18,49,1535,38,1
1101,417,0,1,155,0,0,0,0,0,0,0,0,0,0,0,0,0,0,0,0,0,0,0,0,0,0,0,0,0,0,0,0,0,0,0,153,119,0,0,0,96,186,9,0,1313,350,13,378,1887,24,0
346,21455,6,0,0,3,0,1,0,0,0,0,0,5,0,2,0,5,3,8,0,3,0,0,0,0,3,0,0,0,0,0,0,0,0,0,140,304,0,1,0,26,171,4,4,1273,992,7,111,3234,13,0
41,4382,1,0,0,0,0,2,0,0,0,0,0,0,0,0,0,4,0,0,0,0,0,0,0,0,0,0,0,0,0,0,0,0,0,0,18,45,0,0,0,13,42,0,2,180,34,0,31,287,4,0
113,474,0,0,0,0,0,0,0,0,0,0,0,0,0,0,0,0,0,0,0,0,0,0,0,0,0,0,0,0,0,0,0,8,1,0,136,211,0,0,0,81,58,2,4,560,205,3,104,978,5,0
306,3,2,0,0,0,0,0,0,1,0,0,0,0,0,0,0,0,0,0,0,0,0,0,0,0,0,0,0,1,0,0,0,0,0,0,2,0,0,0,0,2,0,0,0,8,22,0,3,4,176,1
189,9753,0,0,0,0,0,0,1,0,0,0,0,0,0,0,0,0,0,0,0,0,0,0,0,0,0,0,0,0,0,0,0,8,2,0,185,218,2,0,0,863,68,2,4,571,836,10,105,1043,541,0
833,106,8,0,0,0,1,5,0,0,0,0,0,3,0,0,0,0,3,5,0,1,0,0,0,0,0,0,0,0,0,0,0,0,0,0,3,96,0,0,0,13,82,6,16,545,132,0,114,492,2,1
293,2400,0,0,0,0,0,0,0,0,0,0,0,0,0,0,0,0,0,0,0,0,0,0,0,0,0,0,0,0,0,0,0,0,0,0,65,37,0,0,0,243,20,1,0,203,277,7,91,555,43,0
240,5966,0,0,0,0,0,0,5,0,0,0,0,0,0,0,0,0,0,0,0,0,0,0,0,0,0,0,0,0,0,0,0,0,0,0,96,42,0,0,0,277,112,1,2,244,289,2,20,278,119,0
123,30,1,0,0,0,1,0,0,1,1,1,0,1,1,0,1,1,1,2,0,0,0,0,0,0,0,0,1,0,0,0,0,0,0,0,1,5,0,0,0,14,87,1,24,45,26,0,19,33,36,1
1227,35800,15,0,0,6,0,2,0,0,0,1,9,3,1,3,3,29,24,30,0,2,0,0,0,2,6,1,0,0,2,0,0,0,2,0,283,235,0,8,7,228,427,14,103,1736,1024,19,335,1532,8,0
1097,36870,0,0,0,0,0,1,2,0,0,0,1,4,1,1,0,5,2,3,0,2,1,2,9,0,5,9,7,0,0,0,0,1,4,0,262,411,0,1,0,109,149,17,30,1199,914,12,138,1654,8,0
1721,45659,10,0,0,3,0,2,0,2,1,3,0,0,4,2,0,21,4,39,0,2,0,0,2,4,8,5,0,0,0,0,1,0,1,0,230,325,2,1,1,138,674,30,164,1519,1297,123,372,3045,78,0
979,0,0,1,701,0,0,0,0,1,0,0,0,0,0,0,0,0,0,0,0,0,0,0,0,0,0,0,0,1,0,0,0,0,0,0,0,0,0,0,0,15,0,387,0,0,2,0,0,9,4,1
308,30519,0,0,0,0,0,0,0,0,0,0,0,0,0,0,0,0,0,0,0,0,0,0,0,0,0,0,0,0,0,0,0,0,0,0,110,120,79,0,0,91,85,10,0,1313,964,0,124,2478,904,0
21,1,1,0,0,0,0,0,0,0,0,0,0,0,1,0,0,0,0,0,0,0,0,0,0,0,0,0,0,1,0,0,0,0,0,0,0,0,0,0,0,2,0,0,0,1,1,0,5,2,2,1
88,4586,0,0,0,0,0,0,0,0,0,0,0,0,0,0,0,0,0,0,0,0,0,0,0,0,0,0,0,0,0,0,0,0,0,0,47,58,4,0,0,99,13,2,3,185,201,3,46,272,281,0
1291,4,1,1,2374,0,2,1,0,0,0,0,0,0,0,0,0,1,0,0,0,0,0,0,0,0,0,0,0,0,0,0,0,0,0,0,0,1,0,0,0,4,0,0,0,19,18,0,7,6,0,1
32,4109,0,0,0,0,0,0,0,0,0,0,0,0,0,0,0,0,0,0,0,0,0,0,0,0,0,0,0,0,0,0,0,0,0,0,26,28,5,0,0,125,8,0,0,116,113,0,5,130,153,0
2177,600,0,1,4063,0,1,0,0,0,0,0,0,0,0,0,0,1,0,0,0,0,0,0,0,0,0,0,0,0,0,0,0,0,0,0,0,2,0,0,0,26,0,0,0,25,19,0,10,13,2,1
221,1300,0,0,0,0,0,0,0,0,0,0,0,0,0,0,0,0,0,0,0,0,0,0,0,0,0,0,0,0,0,0,0,0,0,0,43,16,0,0,0,91,12,20,0,164,166,0,40,178,45,0
1530,35496,12,0,0,0,0,2,4,1,1,1,0,13,0,3,3,36,38,13,6,2,0,0,0,2,4,2,0,0,4,0,4,0,1,0,243,272,0,5,6,154,388,24,70,1575,1164,5,348,1897,9,0
422,30,8,0,0,0,1,0,0,0,0,0,0,0,0,0,0,0,0,0,0,0,0,0,0,0,0,0,0,0,0,0,0,0,0,0,4,2,2,0,0,3,3,0,0,25,18,0,14,14,6,1
1263,74147,4,0,0,6,4,6,2,0,0,0,16,2,1,6,3,15,0,40,0,2,0,0,0,8,33,5,0,3,0,1,5,0,9,0,292,618,0,2,0,220,1332,8,266,3524,735,13,554,3584,44,0
850,5,0,0,0,0,0,0,0,0,0,0,0,0,0,0,0,0,0,0,0,0,0,0,0,0,0,0,0,0,0,0,0,0,0,0,0,0,0,0,0,2,0,0,0,3,1,0,20,0,2,1
70,4774,1,0,0,0,0,1,0,0,0,0,1,0,0,0,0,1,0,3,0,0,2,0,0,0,0,0,0,0,0,0,0,0,0,0,35,52,0,0,0,40,119,1,38,246,63,10,47,432,29,0
3769,28,0,15,6714,2041,1,0,0,0,0,0,0,1,1,0,0,0,0,0,0,0,0,0,0,0,0,0,0,0,0,0,0,0,0,0,3,8,3,0,0,5,2,1,2045,10,26,0,7,1,0,1
137,58,0,0,0,0,0,0,0,0,0,0,0,0,0,0,0,0,0,0,0,0,0,0,0,0,0,0,0,0,0,0,0,0,0,0,11,20,0,0,0,25,18,2,0,80,17,4,32,327,16,0
236,2189,0,0,0,0,0,0,16,0,0,0,0,0,0,0,0,0,0,0,0,0,0,0,0,0,0,0,0,0,0,0,0,0,1,1,16,59,0,2,0,449,14,3,4,380,405,22,68,619,543,0
1916,118,0,0,0,0,0,0,0,0,0,0,0,0,0,0,0,0,0,0,0,0,0,0,0,0,0,0,0,0,0,0,0,0,0,0,26,8,26,0,1,5,4,7,0,77,64,0,28,3,0,1
258,245,0,0,0,0,0,0,16,0,0,0,0,0,0,0,0,0,0,0,0,0,0,0,0,0,0,0,0,0,0,0,0,0,1,1,11,58,0,2,0,196,32,2,5,379,52,22,66,605,36,0
321,1481,0,0,0,0,0,0,0,0,0,0,0,0,0,0,0,0,0,0,0,0,0,0,0,0,0,0,0,0,0,0,0,0,0,0,41,101,0,0,0,24,64,2,0,460,128,74,464,1134,102,0
363,28,0,0,0,0,1,0,0,0,0,0,0,1,1,0,0,0,0,0,0,0,0,0,0,0,0,0,0,0,0,0,0,0,0,0,3,8,3,0,0,5,2,1,0,10,25,0,7,1,0,1
54,144,0,0,0,0,0,0,0,0,0,0,0,0,0,0,0,0,0,0,0,0,0,0,0,0,0,0,0,0,0,0,0,0,0,2,14,29,0,0,0,28,38,0,0,141,27,0,15,124,14,0
1217,76291,6,0,0,10,0,6,2,0,0,0,12,1,1,7,0,15,0,44,0,2,2,0,0,6,17,8,0,0,0,0,5,0,9,0,284,621,1,2,0,267,1363,8,0,3569,748,11,563,3769,61,0
185,224,1,0,0,12,6,8,6,4,6,1,22,1,0,0,2,5,2,19,1,0,1,0,0,3,14,7,2,0,0,0,1,0,23,2,93,71,1,0,0,64,78,0,112,313,242,0,105,432,26,1
597,284,0,0,0,0,0,0,0,0,0,0,0,0,0,0,0,0,0,0,0,0,0,0,0,0,0,0,0,0,0,0,0,1,0,0,122,180,0,0,0,48,234,4,0,1123,241,3,177,1352,2,0
222,139,0,1,125,0,0,0,0,0,0,0,0,0,0,0,0,0,0,0,0,0,0,0,0,0,0,0,0,0,0,0,0,0,0,0,58,58,0,0,0,83,42,1,0,432,137,0,163,777,2,0
2261,0,0,1,5462,1365,0,0,0,0,0,0,0,0,0,0,0,0,0,0,0,0,0,0,0,0,0,0,0,0,0,0,0,0,0,0,0,0,0,0,0,0,0,0,1365,0,0,0,0,0,0,1
2574,2391,29,0,0,14,1,5,14,3,3,2,14,11,8,13,1,34,54,57,0,8,0,1,20,9,18,16,0,0,1,2,14,0,4,0,718,1065,0,10,8,544,1050,41,0,4938,3539,67,799,7297,91,0
115,4211,0,0,0,0,0,0,0,0,0,0,0,0,0,0,0,0,0,0,0,1,0,0,0,0,0,0,0,0,0,0,0,0,0,0,4,34,0,0,0,5,20,7,0,135,12,3,72,618,2,0
88,3534,0,0,0,0,0,0,0,0,0,1,0,4,0,0,0,0,0,0,0,0,0,0,0,0,0,0,0,0,0,0,0,0,0,0,31,28,0,0,0,20,18,1,3,97,50,3,34,332,18,0
1310,605,0,0,0,0,0,0,0,4,1,1,14,2,8,9,0,19,3,13,0,0,0,0,4,0,4,0,11,3,0,0,3,0,2,4,183,146,0,3,0,210,210,9,23,798,491,348,399,827,164,1
3481,3832,47,0,0,39,1,9,22,1,1,3,8,56,6,26,0,15,30,39,9,7,0,2,16,9,27,5,0,0,12,0,16,0,4,21,618,1274,6,18,3,484,829,96,414,4452,3112,106,765,6265,144,0
124,29,0,0,0,0,0,0,0,0,0,0,0,0,0,0,0,0,0,0,0,0,0,0,0,0,1,0,0,0,0,0,0,0,0,0,13,11,0,0,0,12,2,1,0,58,52,1,11,67,12,1
75,2514,0,0,0,0,0,0,0,0,0,0,0,0,0,0,0,0,0,0,0,0,0,0,0,0,0,0,0,0,0,0,0,1,1,0,68,31,3,0,0,93,36,0,4,223,229,4,45,459,347,0
4158,448,0,0,0,1371,0,0,0,0,0,0,0,0,0,0,0,0,0,0,0,0,0,0,0,0,0,0,0,0,0,0,0,0,0,0,0,0,0,0,0,14,43,4,3600,497,394,0,79,366,6,1
140,72,0,1,89,0,0,0,0,0,0,0,0,0,0,0,0,0,0,0,0,0,0,0,0,0,0,0,0,0,0,0,0,0,0,1,23,69,0,3,0,24,70,0,0,188,46,0,33,307,6,0
75,2514,0,0,0,0,0,0,0,0,0,0,0,0,0,0,0,0,0,0,0,0,0,0,0,0,0,0,0,0,0,0,0,1,1,0,68,31,3,0,0,93,36,0,4,223,229,4,45,459,347,0
88,210,3,0,0,0,0,0,0,0,0,3,0,0,0,0,0,3,6,0,0,0,0,0,9,0,0,0,9,3,0,0,0,0,0,3,24,9,0,6,0,28,0,0,0,147,57,0,84,92,96,1
601,22602,6,0,0,0,1,0,0,0,0,0,0,9,14,1,0,2,19,18,0,0,0,0,0,0,0,0,0,0,0,0,0,0,0,0,93,84,0,0,0,65,133,12,58,785,167,0,222,1414,57,0
305,62,5,0,0,0,6,0,0,0,0,0,0,6,7,0,0,6,0,6,0,0,0,0,0,0,4,0,0,0,0,0,0,0,0,0,11,26,0,0,0,41,441,5,352,170,104,2,55,175,158,1
220,9416,0,0,0,0,0,0,0,0,0,0,0,0,0,0,0,0,0,0,0,0,0,0,0,0,0,0,0,0,0,0,0,0,0,0,66,59,0,0,0,96,40,1,0,442,147,0,163,782,2,0
291,7,0,1,106,109,0,0,0,0,0,0,0,0,0,0,0,0,0,0,0,0,0,0,0,0,0,0,0,0,0,0,0,0,0,0,5,3,2,0,0,3,2,0,109,11,13,0,2,0,56,1
88,3534,0,0,0,0,0,0,0,0,0,1,0,0,0,2,0,0,0,3,0,0,1,0,0,0,0,0,0,0,0,0,0,0,0,0,31,28,0,0,0,20,18,1,3,97,50,3,34,332,18,0
1890,80,0,7,1026,574,0,0,0,0,0,0,0,0,0,1,0,0,0,0,0,0,0,0,0,0,0,0,0,0,0,0,0,0,0,0,17,5,15,0,1,5,5,0,583,32,31,0,26,1,2,1
472,16760,10,0,0,0,0,0,0,0,0,1,1,1,0,1,2,5,0,1,0,0,0,0,0,2,0,0,0,0,0,0,0,0,0,0,148,202,0,1,0,98,129,0,30,546,251,3,114,750,0,0
539,27,1,1,432,0,0,0,0,0,0,0,0,0,1,0,0,0,1,0,0,0,0,0,0,0,0,0,0,1,0,0,0,0,0,0,1,3,1,0,0,9,0,0,0,6,8,0,2,6,4,1
115,1998,0,0,0,0,0,0,0,1,1,0,0,1,0,0,0,0,1,0,0,2,0,0,0,0,1,0,0,0,0,0,1,0,4,0,39,10,0,1,0,37,8,14,8,74,50,0,32,102,0,0
913,12848,2,0,0,0,0,0,0,0,0,1,2,10,3,2,2,8,6,7,0,4,2,0,0,1,4,4,9,0,0,0,3,0,4,0,60,65,0,4,1,64,102,0,13,366,125,4,116,598,0,0
1439,608,0,0,0,0,1,0,0,0,0,0,0,0,0,0,0,0,0,0,0,0,0,0,0,0,0,0,0,0,0,0,0,0,1,0,0,0,0,0,0,17,0,0,0,7,1,0,0,11,0,1
549,858,0,0,0,0,0,0,0,0,0,0,0,0,0,0,0,0,0,0,0,1,0,0,0,0,0,0,0,0,0,0,0,0,1,0,249,408,0,0,0,207,186,1,1,1299,375,3,132,2682,42,0
311,5115,0,0,0,0,0,0,0,0,0,0,0,0,0,0,0,0,0,0,0,0,0,0,0,0,0,0,0,0,0,0,0,0,0,0,65,102,0,0,0,227,62,2,0,498,536,74,478,1133,1727,0
91,29,8,0,0,0,1,0,0,0,0,0,0,0,0,0,0,0,0,0,0,0,0,0,0,0,0,0,0,0,0,0,0,0,0,0,3,2,0,0,0,2,3,0,0,24,18,0,13,14,5,1
54,5405,0,0,0,0,0,0,0,0,0,0,0,0,0,0,0,0,0,0,0,0,0,0,0,0,0,0,0,0,0,0,0,0,0,0,40,18,2,0,0,26,6,0,0,108,113,0,4,120,94,0
454,4,0,1,5710,0,0,0,0,0,0,0,0,0,0,0,0,0,0,0,0,0,0,0,0,0,0,0,0,0,0,0,0,0,0,0,1,0,1,0,0,0,0,0,0,1,1,0,0,0,2,1
245,16749,2,0,0,0,0,3,0,0,0,2,1,1,0,1,0,2,0,0,0,1,0,0,0,1,2,2,2,0,2,0,1,0,30,0,96,108,0,0,0,138,109,0,37,404,151,0,72,524,6,0
831,21809,20,0,0,0,1,2,0,0,0,0,0,8,3,4,13,3,2,15,2,0,0,0,0,0,6,4,0,0,3,0,2,0,14,0,128,229,0,4,2,91,93,1,125,663,243,9,209,783,14,0
1106,70534,3,0,0,13,0,4,1,0,2,0,13,3,1,8,0,10,0,38,0,2,0,0,0,2,19,7,0,0,2,1,2,0,9,0,282,642,0,2,0,177,1080,8,257,3187,656,11,513,3105,33,0
11208,342,6,20,13992,3874,0,0,0,0,0,0,0,3,0,0,0,0,0,2,0,0,0,0,0,0,0,0,2,0,0,0,0,0,0,0,62,62,52,0,6,24,30,30,3892,408,388,0,158,8,644,1
158,1783,0,0,0,0,0,0,0,0,0,0,0,0,0,0,0,0,0,0,0,0,0,0,0,0,0,0,0,0,0,0,0,0,1,0,12,20,0,0,0,137,10,2,0,93,102,4,34,387,287,0
7114,14,2,1,9042,6,1,0,0,0,0,0,0,0,1,0,0,1,0,0,0,0,0,0,0,0,0,0,0,0,0,0,0,0,0,0,13,1,13,0,0,5,0,0,6,21,24,0,7,4,12,1
81,136,0,0,0,0,0,0,0,0,0,0,0,0,0,0,0,0,0,0,0,0,0,0,0,0,0,0,0,0,0,0,0,1,0,0,41,29,0,0,0,14,48,0,4,207,95,3,45,406,0,0
165,116,0,2,208,0,0,0,0,1,0,0,0,0,0,0,0,0,4,1,0,0,0,0,0,0,1,0,0,0,0,0,0,0,0,0,57,3,0,0,0,1,0,78,0,118,109,0,6,21,154,1
81,138,0,0,0,0,0,0,0,0,0,0,0,0,0,0,0,0,0,0,0,0,0,0,0,0,0,0,0,0,0,0,0,1,0,0,42,29,0,0,0,14,48,0,4,208,98,3,45,406,0,0
1597,16,0,8,1852,705,0,0,0,0,0,0,0,0,0,0,0,0,0,0,0,0,0,0,0,0,0,0,0,0,0,0,0,0,0,0,6,5,5,0,0,0,0,0,705,14,8,0,0,0,0,1
0,57,0,0,0,0,0,0,0,0,0,0,0,0,0,0,0,0,0,0,0,0,0,0,0,0,0,0,0,0,0,0,0,0,0,0,3,4,0,0,0,0,0,0,0,6,13,1,3,17,24,0
54,73,0,0,0,0,0,0,0,0,0,0,0,0,0,0,0,0,0,1,0,0,0,0,0,0,0,0,2,0,0,0,0,0,0,0,3,1,0,0,1,12,4,0,12,19,9,1,10,15,4,1
22097,16327,0,0,0,58,0,0,1,0,0,0,0,0,0,0,0,0,0,0,0,0,0,0,0,0,0,0,0,0,0,0,0,0,4,0,2177,3735,11,13,3,4167,2128,603,67,15103,4947,34,2000,16561,791,0
5186,19,0,2,12592,3178,1,0,0,0,0,0,0,1,1,0,0,0,0,0,0,0,0,0,0,0,0,0,0,0,0,0,0,0,0,0,1,4,1,0,0,3,2,1,3178,8,16,0,4,1,0,1
297,5102,0,0,0,0,0,0,8,0,0,0,0,0,49,15,0,0,2,4,0,0,0,0,0,0,0,0,0,0,0,0,0,0,0,0,83,69,0,0,0,363,40,2,2,378,426,95,109,751,1205,0
1551,43,6,0,0,0,0,0,0,0,0,0,0,1,0,0,0,0,0,1,0,0,0,0,0,0,0,0,0,0,0,0,0,0,0,0,26,10,0,0,1,14,4,9,0,87,75,0,33,4,124,1
4099,1903,0,5,682,0,0,0,1,0,0,0,0,0,0,0,0,0,0,0,0,2,0,0,0,0,0,0,0,0,0,0,0,0,0,0,553,1096,0,0,0,112,526,6,5,3393,992,3,429,1998,17,0
64,14,0,0,0,0,0,0,0,0,0,0,0,0,0,0,0,0,0,0,0,0,0,0,0,0,1,0,0,0,0,0,0,0,0,0,8,4,0,0,0,4,0,1,0,34,15,0,4,12,12,1
30223,16327,0,8,1275,8,0,0,3,0,0,0,0,0,0,0,0,0,0,0,0,4,0,0,0,0,0,0,0,0,0,0,0,0,7,0,3326,5465,16,10,5,1461,3097,140,175,21136,7566,502,2232,26331,138,0
2200,296,1,1,4031,1,1,0,0,0,0,0,0,0,0,0,0,1,0,0,0,0,0,0,0,0,0,0,0,0,0,0,0,0,1,0,0,0,0,0,0,20,0,0,1,56,19,0,5,10,0,1
2431,2254,3,3,375,0,0,1,60,0,0,6,1,4,101,62,0,30,10,25,0,2,0,0,9,0,15,1,0,0,0,0,0,1,4,0,538,841,0,0,1,398,729,89,30,3621,968,168,796,6952,255,0
2889,753,3,1,82,118,1,0,0,0,0,0,0,0,0,0,0,0,0,0,0,0,0,0,0,0,2,0,0,0,0,0,0,0,0,0,30,10,13,0,0,6,0,0,118,64,67,0,4,1,120,1
174,3799,0,0,0,0,0,0,0,0,0,0,0,0,0,0,0,1,0,0,0,0,0,0,0,0,3,0,0,0,0,0,0,0,0,0,64,27,0,0,0,163,51,1,1,165,188,0,23,170,17,0
69,21,0,0,0,0,0,0,0,0,0,0,0,0,0,0,0,0,0,0,0,0,0,0,0,0,1,0,0,0,0,0,0,1,0,0,12,10,0,0,0,4,2,1,0,49,46,0,4,52,12,1
827,13137,0,0,0,0,0,0,0,0,0,0,0,0,27,5,0,9,6,3,0,0,0,0,0,0,0,0,0,0,0,0,0,0,0,0,134,557,0,0,0,480,30,20,232,685,1516,547,637,3124,3386,0
146,87,0,0,0,0,0,0,0,0,0,0,0,0,2,0,0,0,0,0,0,0,0,0,0,0,1,0,0,0,0,0,0,0,0,0,53,34,0,0,0,18,12,1,0,127,134,0,43,224,24,1
22,1930,0,0,0,0,0,0,0,0,0,3,0,0,0,1,0,2,0,1,0,0,0,0,2,0,0,0,0,0,0,0,0,0,0,0,32,54,0,0,0,55,12,1,7,224,251,636,35,437,577,0
36,70,1,0,0,0,0,0,0,0,0,0,0,0,0,1,0,1,2,0,0,0,0,0,3,0,0,0,3,1,0,0,0,0,0,1,8,3,0,2,0,9,0,0,0,48,19,0,28,32,34,1
240,378,0,1,72,0,1,1,0,0,0,0,0,1,1,3,0,1,0,10,0,0,1,0,0,0,0,0,0,0,0,0,0,0,0,0,99,91,0,0,0,70,32,5,60,319,381,0,184,457,42,0
0,0,0,0,0,0,0,0,0,0,0,0,0,0,0,0,0,0,0,0,0,0,0,0,0,0,0,0,0,0,0,0,0,0,0,0,0,0,0,0,0,5,0,0,160,17,8,0,389,303,2,1
805,351,0,7,1006,0,0,3,0,0,0,0,0,0,0,2,0,5,0,3,0,0,0,0,0,2,0,0,0,0,0,0,0,0,0,0,141,304,0,0,0,181,123,90,10,823,227,7,218,2642,41,0
2734,1376,2,0,0,10,1,4,2,2,0,2,0,9,9,5,5,5,6,4,0,7,0,0,2,0,2,0,0,0,7,0,3,12,5,0,291,649,0,2,0,103,444,2,80,2464,1933,3,292,5311,25,1
467,11126,0,0,0,0,0,0,0,0,0,0,0,3,4,2,0,1,1,1,0,0,0,0,0,0,0,0,0,0,0,0,0,0,0,0,33,48,0,0,0,301,14,1,0,272,287,3,65,512,412,0
731,52,0,2,396,224,0,0,0,1,1,0,0,0,0,0,0,0,0,0,0,0,0,0,0,0,0,0,0,0,0,0,0,0,0,0,9,3,9,0,0,0,2,0,224,27,18,0,14,0,0,1
805,351,0,7,1006,0,0,3,0,0,0,0,0,1,0,2,0,5,0,3,0,0,0,0,0,2,0,0,0,0,0,0,0,0,0,0,141,304,0,0,0,181,123,90,10,823,227,7,218,2642,41,0
660,1956,0,0,0,0,0,0,0,0,0,0,0,0,0,0,0,0,0,0,0,0,0,0,0,0,0,0,0,0,0,0,0,0,0,1,8,230,0,0,0,3,0,2,0,26,723,0,15,28,462,1
843,606,17,3,387,0,0,5,0,0,1,0,0,0,19,4,0,6,4,3,0,0,0,0,0,0,1,0,0,0,0,0,0,0,0,0,120,237,0,0,0,102,305,20,24,1542,326,9,422,2441,153,0
358,98,0,1,116,0,1,0,0,0,0,0,0,0,0,0,0,0,0,0,0,0,0,0,0,0,0,0,0,0,0,0,0,0,0,0,8,0,0,0,0,4,0,2,0,136,32,0,237,29,448,1
313,3275,1,0,0,0,0,0,0,0,0,1,0,1,1,0,0,7,2,5,0,0,1,0,0,0,0,0,0,0,0,0,0,0,0,0,43,125,0,0,0,415,170,10,193,387,435,3,62,919,58,0
360,98,0,1,112,0,1,0,0,0,0,0,0,0,0,0,0,0,0,0,0,0,0,0,0,0,0,0,0,0,0,0,0,0,0,0,4,0,0,0,0,4,0,2,0,139,32,0,225,29,424,1
828,572,17,3,387,0,0,5,0,0,1,0,0,0,18,4,0,6,4,3,0,0,0,0,0,0,1,0,0,0,0,0,0,0,0,0,117,235,0,0,0,109,301,20,24,1483,322,10,420,2395,149,0
44,229,0,0,0,0,0,0,0,0,0,0,0,0,0,0,1,2,0,0,0,0,0,0,0,0,0,0,0,0,0,0,0,0,0,0,12,0,9,0,0,14,0,2,0,29,40,0,9,36,8,1
261,1180,0,0,0,0,0,0,0,0,0,0,0,7,5,0,0,0,0,2,0,0,0,0,0,0,0,0,0,0,0,0,0,0,1,0,20,27,0,0,0,97,10,7,7,118,132,2,36,385,246,0
1062,15757,0,0,0,0,0,0,20,0,0,11,0,4,43,24,0,29,6,7,0,2,0,0,8,0,0,0,0,0,0,0,0,0,0,0,367,328,0,0,1,701,199,35,8,1731,1878,57,506,3219,4561,0
277,208,3,1,164,0,0,0,7,0,0,0,0,0,5,10,0,1,1,12,0,0,0,0,0,0,5,0,0,0,0,0,0,0,0,0,69,125,0,0,0,56,104,43,2,492,128,1,116,1022,20,0
273,60,18,0,0,0,0,0,0,0,0,0,0,0,0,0,0,0,0,1,0,0,0,0,0,0,0,0,0,0,0,0,0,0,0,0,10,25,0,0,0,4,19,2,0,290,91,0,102,129,0,0
1132,20699,1,0,0,0,0,0,0,0,0,0,0,6,1,3,0,5,4,13,0,0,3,0,0,0,2,1,0,0,0,0,0,0,0,0,314,272,0,0,0,438,69,7,21,1304,1586,619,331,2016,1570,0
204,223,0,0,0,0,0,0,0,0,0,1,1,0,1,3,0,1,4,4,0,0,0,0,0,0,3,0,0,0,0,0,0,0,0,0,38,116,0,0,0,40,78,0,21,391,94,3,58,1189,21,0
7953,4435,0,6,1013,0,0,0,2,0,0,0,0,0,0,0,0,0,0,0,0,2,0,0,0,0,0,0,0,0,0,0,0,0,0,0,887,1633,0,1,0,311,815,69,9,5250,1818,23,812,6473,56,0
258,0,0,1,158,0,1,0,0,0,0,0,0,0,0,0,0,0,0,0,0,0,1,0,0,0,0,0,0,0,0,0,0,0,0,0,1,0,0,0,3,0,0,131,0,0,1,0,0,13,6,1
1476,337,0,0,0,3,0,0,0,0,0,0,0,0,0,0,0,0,0,0,0,0,0,0,0,0,0,0,0,0,0,0,0,0,1,0,29,70,0,0,0,78,72,7,0,342,169,0,81,546,9,0
1235,1137,0,0,0,0,1,0,0,0,0,0,0,0,0,0,1,0,0,1,0,0,0,0,0,0,0,0,0,0,0,0,0,0,0,0,198,45,0,0,0,14,0,5,2,309,279,0,32,54,149,1
1452,57021,0,0,0,2,0,1,5,6,6,3,0,16,25,77,0,54,21,72,0,1,2,0,5,0,0,2,0,0,0,0,0,0,0,0,1276,1089,0,0,0,2756,782,112,164,6923,6157,291,877,12021,14193,0
2770,51,0,16,6432,0,0,0,0,0,0,0,0,1,0,0,0,0,1,0,0,0,0,0,0,0,0,0,0,0,0,0,0,0,0,0,15,16,7,0,0,4,0,0,10,23,43,0,34,2158,4,1
50,1100,0,0,0,0,0,0,0,0,0,0,0,0,0,2,0,0,0,0,0,0,0,0,0,0,0,0,0,0,0,0,0,0,0,0,40,36,0,0,0,51,10,1,0,131,134,5,13,271,283,0
45,10651,0,0,0,0,0,0,7,0,0,0,0,0,0,2,0,0,0,6,0,0,0,0,0,0,0,0,0,0,0,0,0,0,0,0,49,57,0,0,2,93,14,1,1,193,218,19,50,476,424,0
120,13249,0,0,0,0,0,4,0,0,0,0,0,0,1,0,0,7,5,17,0,0,0,0,0,0,0,1,0,0,0,0,0,0,0,0,213,105,0,0,0,131,20,1,58,533,597,72,281,697,714,0
58,149,0,0,0,0,0,0,1,0,0,0,0,0,0,2,0,0,0,6,0,0,0,0,0,0,0,0,0,0,0,0,0,0,0,0,32,57,0,0,2,27,30,0,27,189,60,19,20,433,28,0
285,559,7,0,0,0,3,0,0,0,0,0,0,1,3,0,10,3,2,4,0,0,0,0,0,0,0,0,0,0,0,0,0,0,0,0,49,7,30,0,0,44,3,35,4,88,131,0,109,141,222,1
1317,1062,1,0,0,0,0,0,0,0,0,0,0,6,1,3,0,5,4,13,0,0,3,0,0,0,2,1,0,0,0,0,0,0,0,0,212,264,0,0,0,178,145,7,19,1287,373,615,328,2107,132,0
353,12848,1,0,0,0,1,0,0,0,0,0,0,3,8,2,0,19,6,17,0,1,1,0,0,0,0,0,0,0,0,0,0,0,0,0,218,146,0,0,0,304,49,2,28,625,637,45,276,873,630,0
15875,10726,0,1,80,0,1,0,0,0,0,0,0,0,0,0,0,0,0,0,0,0,0,0,0,0,0,0,0,0,0,0,0,0,0,2,10,944,0,0,0,39,0,28,0,984,2928,0,138,130,1888,1
283,428,1,0,0,0,1,0,0,0,0,0,0,3,8,2,0,19,6,17,0,1,1,0,0,0,0,0,0,0,0,0,0,0,0,0,133,133,0,0,0,45,87,2,17,591,207,43,268,828,68,0
47,3244,0,0,0,0,0,0,0,0,0,0,0,1,0,0,0,0,0,1,0,0,0,0,0,0,0,0,0,0,0,0,0,0,0,0,47,33,0,0,0,24,8,0,1,148,164,7,41,189,178,0
1374,2328,0,0,0,0,0,0,0,0,0,0,0,0,0,0,0,2,0,0,0,0,0,0,0,0,0,0,0,0,0,0,0,0,0,0,5,1,5,0,0,10,0,13,10,40,43,0,545,508,3604,1
161,390,0,0,0,0,0,4,0,0,0,0,0,0,1,0,0,7,5,15,0,0,0,0,0,0,0,1,0,0,0,0,0,0,0,0,128,102,0,0,0,47,40,1,27,530,172,72,281,697,195,0
788,99,0,1,148,0,1,0,0,0,0,0,0,0,0,0,0,0,0,0,0,0,0,0,0,0,0,0,0,0,0,0,0,0,0,0,7,0,0,0,0,4,0,2,0,441,242,0,224,28,420,1
10674,812,2,1,82,0,1,1,0,0,0,0,1,2,2,1,0,2,1,3,0,0,0,0,0,0,1,1,0,0,0,0,0,1,0,0,1,5,0,0,0,181,1818,52,192,3712,626,11,618,3464,20,0
15278,74,6,2,292,2907,2,0,0,0,0,0,0,1,1,0,0,1,0,0,0,0,0,0,0,0,0,0,0,0,0,0,0,0,0,0,7,9,4,0,0,7,0,0,2907,1117,2940,0,16,25,0,1
10933,748,2,0,0,0,1,0,1,0,0,0,0,1,2,1,0,2,1,3,0,0,0,0,0,0,0,0,0,0,0,0,0,0,0,0,1,5,0,0,0,203,1207,40,194,1791,415,9,299,4434,150,0
38,79,0,0,0,0,1,0,0,0,0,0,0,0,0,0,1,1,0,0,0,0,0,0,0,0,0,0,0,0,0,0,0,0,0,0,11,0,0,0,0,4,0,0,0,12,20,0,6,14,0,1
1646,1050,1,0,0,0,1,0,0,0,0,0,0,1,1,0,0,1,0,1,0,0,0,0,0,0,0,0,0,0,0,0,0,0,0,0,1,0,0,0,0,1,132,1,4,4,101,100,4,81,14,0
70,945,0,0,0,0,0,0,0,0,0,0,0,0,0,1,0,3,0,0,0,0,0,0,1,0,0,0,0,0,0,0,0,0,0,0,37,39,0,0,0,215,11,0,10,99,148,4,49,297,410,0
8227,237,0,29,3738,2667,0,0,0,0,0,0,0,0,0,0,4,0,0,0,0,0,0,0,0,0,0,0,0,0,0,0,0,0,0,0,58,63,58,0,1,6,9,8,2668,155,234,0,56,1,866,1
79,778,0,0,0,0,0,0,1,0,0,3,0,0,0,2,0,1,0,1,0,0,0,0,0,0,0,0,0,0,0,0,0,0,0,0,32,43,0,0,0,129,0,0,1,71,163,15,20,329,377,0
40,89,0,0,0,0,1,0,0,0,0,0,0,0,0,0,1,0,0,0,0,0,0,0,0,0,0,0,0,0,0,0,0,0,0,0,13,0,0,0,0,4,0,0,0,14,23,0,6,16,0,1
389,5493,0,0,0,0,0,0,0,0,0,0,0,0,37,5,0,2,11,5,0,0,0,0,0,0,0,0,0,0,0,0,0,0,0,0,292,169,0,0,0,831,24,18,25,762,1070,109,222,1834,2194,0
8029,233,0,26,3700,2626,0,0,0,0,0,0,0,0,0,0,4,0,0,0,0,0,0,0,0,0,0,0,0,0,0,0,0,0,0,0,59,63,59,0,2,6,9,8,2627,156,234,0,56,1,830,1
53,624,1,0,0,0,0,0,0,0,0,0,0,0,0,1,0,0,0,0,0,0,0,0,1,0,0,0,0,0,0,0,0,0,0,2,33,40,0,0,0,57,4,0,0,102,137,11,9,196,207,0
50,14,0,0,0,0,0,0,0,0,0,0,0,0,0,0,0,0,0,1,0,0,0,0,0,0,0,0,2,1,0,0,0,0,0,0,3,1,0,0,1,7,4,0,11,17,8,0,8,12,0,1
466,231,0,0,0,0,0,0,1,0,0,1,0,1,3,2,0,11,2,18,0,1,1,0,0,0,0,0,0,0,0,0,0,0,0,1,65,133,0,0,0,71,31,2,35,577,173,396,124,1022,73,0
1547,34,6,0,0,0,0,0,0,0,0,0,0,1,0,0,0,0,0,1,0,0,0,0,0,0,0,0,0,0,0,0,0,0,0,0,26,10,0,0,1,11,2,9,0,87,75,0,33,1,124,1
138,101,0,0,0,0,0,0,0,0,0,0,0,0,0,0,0,0,0,0,0,0,0,1,0,0,0,1,0,0,0,0,0,0,0,0,27,28,0,0,0,15,12,0,0,264,136,67,55,400,22,0
145,98,0,1,202,0,0,0,0,0,0,0,0,0,0,0,0,0,0,0,0,0,0,0,1,0,0,0,0,0,0,0,0,0,0,0,3,13,0,0,0,21,4,0,3,70,108,0,4,17,56,1
446,368,0,0,0,0,0,0,0,0,0,0,0,0,1,4,0,1,0,19,0,0,0,0,2,0,0,4,0,0,0,0,0,0,3,0,158,256,0,0,0,27,38,3,2,975,249,463,149,1876,316,0
5984,143,0,19,2190,1621,0,0,0,0,0,0,0,0,0,0,4,0,0,0,0,0,0,0,0,0,0,0,0,0,0,0,0,0,0,0,59,62,59,0,2,6,9,3,1622,134,225,0,47,1,670,1
4670,11276,1,0,0,0,1,0,1,0,0,2,3,10,114,27,0,134,1,6,0,20,7,0,0,0,2,73,0,0,1,0,1,10,1,0,516,449,0,0,0,3359,336,112,0,4031,2567,210,1092,5829,3370,0
30,49,0,1,97,0,1,0,0,0,0,0,0,0,0,0,1,1,1,0,0,0,0,0,0,0,0,0,0,0,0,0,0,0,0,0,10,0,5,0,0,4,0,0,0,10,19,0,11,16,0,1
3928,2699,4,1,90,0,1,0,0,0,0,2,0,1,87,18,0,10,3,21,0,1,0,0,0,0,4,201,0,0,1,0,3,0,0,0,565,673,0,0,0,356,862,70,11,6595,1236,1664,970,11461,987,0
226,364,0,0,0,0,0,0,0,0,0,0,0,0,1,1,0,0,0,0,0,0,14,0,0,0,0,0,0,0,0,0,0,0,0,0,0,78,0,0,0,70,18,0,0,294,143,5,28,433,70,0
149,746,0,0,0,0,0,0,0,0,0,0,0,0,0,0,0,0,0,0,0,0,0,0,0,0,0,0,0,0,0,0,0,0,0,0,78,71,70,0,0,10,0,0,0,146,217,0,128,163,144,1
1035,442,0,1,180,0,0,0,6,0,0,0,0,1,61,4,0,49,0,19,0,5,0,0,0,0,0,0,0,0,0,0,0,1,1,1,0,71,0,0,0,97,325,50,4,2169,216,29,175,2887,18,0
38,62,0,0,0,4,1,0,0,0,0,0,0,0,0,0,1,1,1,0,0,0,0,0,0,0,0,0,0,0,0,0,0,0,0,0,14,3,5,0,0,3,0,0,4,14,25,0,23,16,0,1
37,61,0,0,0,4,1,0,0,0,0,0,0,0,0,0,1,1,0,0,0,0,0,0,0,0,0,0,0,0,0,0,0,0,0,0,13,3,4,0,0,2,0,0,4,13,24,0,24,13,2,1
430,128,0,0,0,0,0,0,0,0,0,0,0,0,0,20,0,0,0,4,0,0,0,0,0,0,0,0,0,0,0,0,0,0,1,0,45,52,0,0,0,68,139,5,2,797,82,0,185,1399,32,0
2551,239,0,0,0,0,0,0,0,0,0,0,0,0,1,8,0,1,0,0,0,19,1,0,0,0,0,0,0,0,0,0,0,0,1,0,85,45,0,0,0,0,78,55,0,686,205,3,217,857,50,0
35,32,0,0,0,0,1,0,0,0,0,0,0,0,0,0,0,2,0,0,0,0,0,0,0,0,0,0,0,0,0,0,0,0,0,0,6,0,0,0,0,4,0,0,0,6,13,0,7,19,4,1
586,965,0,0,0,0,0,0,0,0,0,0,0,0,0,0,0,0,0,0,0,1,0,0,0,0,0,0,0,0,0,0,0,0,0,0,145,269,0,0,0,12,94,2,0,840,266,0,87,672,34,0
38,89,0,0,0,0,1,0,0,0,0,0,0,0,0,0,1,1,0,0,0,0,0,0,0,0,0,0,0,0,0,0,0,0,0,0,13,0,0,0,0,4,0,0,0,14,23,0,6,14,0,1
595,244,0,1,103,0,0,0,30,0,0,0,0,0,4,11,0,8,0,0,0,2,4,0,0,1,2,0,0,0,0,0,0,0,3,0,72,72,0,0,2,76,149,20,0,789,174,1,78,1051,52,0
357,105,0,4,292,0,0,0,0,0,0,0,0,0,3,0,0,0,0,0,0,0,0,1,0,0,0,0,0,0,0,0,0,0,1,0,39,19,0,0,0,29,80,21,0,335,74,0,41,493,10,0
5598,21,0,49,9898,0,0,0,0,0,0,0,0,0,1,0,0,0,1,0,0,1,0,0,0,0,0,0,0,0,0,0,0,0,0,0,5,7,3,0,0,2,0,0,4,8,17,0,65,5,4,1
10656,4327,0,1,195,0,0,0,0,0,0,0,0,0,0,0,0,0,0,0,0,1,0,0,0,0,0,0,0,0,0,0,0,0,0,0,643,1105,2,1,0,296,481,55,7,3712,1381,56,624,5927,43,0
2671,28,1,21,4186,0,0,0,0,0,0,0,0,0,3,0,0,0,0,0,0,1,0,0,0,0,0,0,0,0,0,0,0,0,0,0,7,7,4,0,0,5,0,0,5,14,19,0,32,8,0,1
106,51,0,0,0,0,1,0,0,0,0,0,0,0,3,2,0,2,0,0,0,0,0,0,0,0,0,0,0,0,0,0,0,0,1,0,17,19,0,0,0,2,32,0,0,167,70,4,7,329,0,0
171,47,0,0,0,0,0,0,0,0,0,0,0,0,1,0,0,0,0,0,0,0,0,0,0,0,0,0,0,0,0,0,0,0,1,0,0,14,0,0,0,33,22,1,0,270,41,0,21,416,0,0
41,71,0,1,122,0,1,1,0,0,0,0,0,0,0,0,0,2,0,0,0,0,0,0,0,0,0,0,0,0,0,0,0,0,0,0,16,0,5,0,0,1,2,0,0,19,24,0,40,19,12,1
1241,640,0,9,892,2,1,0,7,0,0,1,0,1,15,12,0,17,0,8,0,6,11,1,4,2,0,0,0,0,1,0,1,0,22,0,148,220,0,0,7,121,308,57,65,1551,334,28,235,2669,124,0
2942,1269,46,3,472,0,0,0,0,0,0,0,7,1,11,6,0,72,50,29,0,2,3,0,0,0,10,3,0,0,0,0,0,2,3,0,267,413,0,0,0,213,1269,57,100,4941,982,12,802,4483,13,0
656,354,3,0,0,0,0,0,0,0,0,23,7,6,28,0,0,5,4,28,0,0,5,0,0,0,3,6,0,0,0,0,0,0,0,0,99,111,0,0,0,73,202,25,24,928,197,65,173,1153,54,0
373,61,3,2,263,0,0,0,0,0,0,0,0,0,0,0,1,0,2,0,0,0,0,0,0,0,0,0,0,0,0,0,0,0,0,0,16,10,0,0,0,14,0,9,4,21,93,0,97,33,125,1
640,1059,0,0,0,0,0,0,0,0,0,0,0,0,0,0,0,0,0,0,0,1,0,0,0,0,0,0,0,0,0,0,0,0,1,0,288,468,0,0,0,232,237,2,1,1521,437,3,149,2977,42,0
3181,21,1,14,4228,0,0,0,0,0,0,0,0,0,0,0,0,0,0,0,0,1,0,0,0,0,0,0,0,0,0,0,0,0,0,0,8,4,5,0,0,4,0,0,5,15,18,0,28,8,0,1
1415,1025,0,0,0,0,0,0,1,0,0,0,0,0,0,0,0,0,0,0,0,0,0,0,0,0,0,0,0,0,0,0,0,0,1,0,190,281,0,0,0,101,592,2,4,1724,484,2,463,1109,15,0
2391,20,1,14,4228,0,0,0,0,0,0,0,0,0,1,0,0,0,0,0,0,1,0,0,0,0,0,0,0,0,0,0,0,0,0,0,7,4,4,0,0,4,0,0,0,14,17,0,27,8,0,1
4327,1904,0,5,682,0,0,0,1,0,0,0,0,0,0,0,0,0,0,0,0,2,0,0,0,0,0,0,0,0,0,0,0,0,0,0,554,1096,0,0,0,112,526,6,5,3393,994,3,429,2008,17,0
7788,13371,148,0,0,0,2,38,2,0,10,153,22,13,15,52,0,64,37,191,9,0,2,0,0,2,30,0,0,0,1,0,1,0,2,7,2646,2794,0,0,0,3305,2935,75,1681,14116,5201,54,2787,21935,219,0
199,302,0,0,0,0,0,0,0,0,0,0,0,0,0,0,0,0,0,0,0,0,0,0,0,0,0,0,0,0,0,0,0,0,0,0,52,120,0,0,0,15,32,3,0,231,88,9,31,461,12,0
73,67,0,1,129,0,1,0,0,0,0,0,0,0,0,0,0,1,0,0,0,0,0,0,0,0,0,0,0,0,0,0,0,0,0,0,15,0,7,0,0,1,0,0,0,19,26,0,33,17,16,1
286,610,0,2,216,10,0,3,0,0,0,0,0,0,1,0,0,7,5,6,0,0,0,0,0,0,0,0,0,0,0,0,0,0,0,0,100,83,0,0,0,94,94,3,108,624,154,0,212,638,17,0
8843,744,2,0,0,0,1,0,0,0,0,0,0,1,1,0,1,1,0,3,0,0,0,0,0,0,0,0,0,0,0,0,0,0,0,0,1,5,0,0,0,9,1675,0,222,882,49,0,15,194,232,1
874,1323,0,0,0,16,0,1,0,0,0,0,0,0,0,0,0,0,0,0,0,1,0,0,0,0,0,0,0,0,0,0,0,0,0,0,198,332,1,0,0,64,160,3,1,1815,441,19,191,1327,79,0
3182,39,2,22,6518,0,1,0,0,0,0,0,0,0,0,0,0,0,1,0,0,0,0,0,0,0,0,0,0,0,0,0,0,0,0,0,11,14,7,0,0,4,0,0,8,18,36,0,33,3,6,1
276,285,1,0,0,0,0,0,0,0,0,0,0,2,0,5,0,1,0,5,0,1,0,0,0,0,1,0,0,0,0,0,0,0,0,0,58,94,0,1,0,21,32,2,1,584,232,1,62,242,4,0
102,54,0,0,0,0,0,0,0,0,0,0,0,0,3,1,0,0,0,1,0,0,0,0,0,0,0,0,0,0,0,0,0,0,0,0,10,33,0,0,0,10,18,0,1,86,23,35,8,284,16,0
1145,1810,0,1,80,0,1,0,0,0,0,0,0,0,0,0,1,0,0,1,0,0,0,0,0,0,0,0,0,0,0,0,0,0,0,0,307,55,280,0,0,10,0,5,5,490,440,0,79,71,217,1
3180,2905,0,0,0,4,0,0,1,0,0,0,0,0,0,0,0,0,0,0,0,1,0,0,0,0,0,0,0,0,0,0,0,0,2,2,505,947,2,0,1,391,651,38,14,2851,1110,47,526,5166,114,0
255,1715,0,0,0,0,0,0,0,0,0,0,0,0,0,0,1,0,0,0,0,0,0,0,0,0,0,0,0,0,0,0,0,0,0,1,48,28,30,0,0,50,0,0,6,103,109,0,37,19,54,1
5148,5222,37,5,2877,38,0,30,31,4,7,14,39,16,38,12,0,72,28,133,4,3,3,0,4,4,16,7,0,1,5,2,10,0,7,0,1341,2852,0,0,3,674,2323,20,1132,11304,2769,72,1272,11931,170,0
9091,9659,45,5,2877,48,0,48,36,6,14,45,80,28,67,32,0,125,42,239,7,4,8,1,4,4,31,12,0,1,10,2,17,1,31,0,2366,5084,0,3,9,1746,3756,43,1610,18844,4525,218,3084,22944,1046,0
344,65,2,1,69,0,2,0,0,0,0,0,0,0,0,0,3,0,0,1,0,0,0,0,0,0,0,0,0,0,0,0,0,0,0,0,9,0,8,0,0,8,0,0,14,16,14,2,438,11,2,1
93,84,0,0,0,0,0,0,0,0,0,0,0,0,0,0,0,0,0,0,0,0,0,0,0,0,0,0,0,0,0,0,0,0,0,0,28,67,0,0,0,9,18,136,0,191,35,9,22,398,0,0
338,34,0,5,506,0,2,0,0,0,0,0,0,0,0,0,3,0,0,3,0,0,0,0,0,0,0,0,0,0,0,0,0,0,0,0,11,0,6,0,0,7,0,1,17,9,9,0,30,10,2,1
315,396,0,0,0,5,0,1,0,0,0,0,0,2,2,4,0,6,1,11,1,0,2,0,0,0,0,0,0,0,0,0,0,0,0,0,100,250,0,0,0,159,142,4,144,622,185,4,98,713,31,0
1241,1797,1,0,0,5,0,10,7,0,0,14,10,8,11,8,0,28,9,12,0,2,0,0,0,0,7,2,0,0,0,0,0,0,0,0,516,10401,0,0,0,252,583,12,101,3680,906,34,1090,5331,575,0
1266,1782,1,0,0,5,0,7,9,0,0,14,10,6,11,8,0,28,9,12,0,1,0,0,0,0,6,2,0,0,0,0,0,0,0,0,500,988,0,0,0,245,604,11,97,3599,877,34,1068,5321,574,0
327,96,2,0,0,0,3,0,0,0,0,0,0,0,0,0,0,1,0,0,0,0,0,0,0,0,0,0,0,0,0,0,0,0,0,0,13,2,11,0,0,4,2,2,12,21,36,0,89,11,38,1
110,105,1,0,0,0,0,0,0,0,0,0,0,0,2,0,0,2,2,2,0,0,1,0,1,0,0,0,0,0,0,0,0,0,0,0,30,93,0,0,0,31,144,0,15,299,42,0,77,749,0,0
195,330,2,0,0,0,0,2,17,0,2,0,2,0,0,0,0,1,0,20,0,0,0,0,1,1,4,0,0,0,0,0,0,0,0,0,121,155,0,0,1,50,164,2,32,569,257,10,88,890,2,0
59,240,0,6,630,0,0,0,0,0,0,0,0,0,0,0,2,1,0,0,0,0,0,0,0,0,0,0,0,0,0,0,0,0,0,0,23,0,15,0,0,12,0,2,0,43,56,0,22,32,32,1
726,870,0,0,0,0,0,0,0,0,0,0,0,0,0,0,0,0,0,0,0,1,0,0,0,0,0,0,0,0,0,0,0,0,2,0,154,306,0,0,0,11,102,25,0,871,297,0,152,1613,12,0
504,49,2,0,0,28,1,0,0,0,0,0,0,0,0,0,0,4,0,0,0,0,0,0,0,0,0,0,0,0,0,0,0,0,0,0,11,2,4,0,0,9,0,7,28,65,70,40,25,27,12,1
87,64,0,0,0,0,0,0,0,0,0,24,0,0,0,6,0,0,5,2,0,0,0,0,0,0,2,0,0,0,0,0,0,0,0,0,22,59,0,0,0,31,80,1,10,227,31,21,47,581,26,0
401,151,0,0,0,0,0,0,0,0,0,0,3,2,7,0,0,1,0,0,0,0,0,0,0,0,0,0,0,0,0,0,0,0,0,0,47,114,0,0,0,38,80,11,70,443,83,20,59,452,0,0
365,69,7,0,0,0,2,1,0,0,0,0,0,0,0,0,0,4,2,0,0,0,0,0,0,0,0,0,0,0,0,0,0,0,0,0,21,3,5,0,0,8,0,13,0,114,120,57,46,59,16,1
136,259,0,0,0,0,1,1,5,0,0,0,6,0,0,7,2,2,0,2,0,0,2,0,0,2,1,0,0,0,0,0,3,0,0,0,76,69,0,0,2,6,164,0,6,541,155,1,60,713,20,0
1267,1422,6,1,74,6,1,7,2,0,0,0,19,2,1,6,3,15,0,45,0,2,0,0,0,8,33,5,0,0,0,2,5,0,0,0,294,653,0,2,0,217,1325,8,266,3512,736,13,554,3580,44,0
1048,2395,25,0,0,14,0,0,0,0,0,0,0,2,0,0,0,0,0,8,1,2,0,0,0,0,0,0,0,0,0,0,0,0,0,0,71,34,0,0,0,18,22,3,25,113,133,0,31,96,0,1
2705,2436,0,0,0,0,0,0,0,0,0,0,0,0,0,0,0,0,0,0,0,0,0,0,0,0,0,0,0,0,0,0,0,0,2,0,447,837,2,0,0,94,268,30,6,2172,900,13,229,3975,29,0
6021,433,0,0,0,0,1,0,0,0,0,0,0,0,0,0,0,0,814,0,0,0,0,0,0,0,0,0,0,0,0,0,0,0,0,1,5,0,0,0,0,37,0,24,0,850,88,0,1330,1016,2386,1
1613,1172,0,0,0,0,0,6,2,0,0,0,11,1,4,6,3,15,23,8,0,1,0,0,0,0,10,2,0,0,2,0,1,24,10,0,233,386,0,1,0,212,226,38,0,2062,516,2,288,2524,97,0
851,15,1,0,0,0,0,0,0,0,0,0,0,0,0,0,3,0,0,0,0,0,0,0,0,0,0,0,0,0,0,0,0,0,0,14,6,7,3,0,0,0,0,2,0,104,25,0,5,121,78,1
190,2090,0,0,0,18,0,0,0,0,0,0,0,0,0,0,0,0,0,0,0,0,0,0,0,0,0,0,0,0,0,0,0,0,0,0,31,49,0,0,0,142,18,14,2,201,219,31,20,491,484,0
3409,336,1,0,0,0,1,0,0,0,0,0,0,1,2,0,1,1,0,2,0,0,0,0,0,0,0,0,0,0,0,0,0,0,0,0,1,5,1,0,0,20,695,2,18,526,363,0,53,7,26,1
565,380,16,3,387,0,0,3,0,0,0,0,0,2,15,1,0,0,0,4,0,0,0,0,0,0,0,0,0,0,0,0,0,0,0,0,67,106,0,0,0,81,214,9,20,945,211,8,318,1358,143,0
3488,379,1,0,0,0,1,0,0,0,0,0,0,1,2,0,1,1,0,2,0,0,0,0,0,0,0,0,0,0,0,0,0,0,0,0,1,5,1,0,0,23,706,2,18,560,438,0,58,7,26,1
251,16336,0,0,0,0,0,0,0,0,0,0,0,0,0,0,0,0,0,0,0,1,0,0,0,0,0,0,0,0,0,0,0,0,1,0,197,88,0,0,0,414,59,7,0,626,499,6,128,1340,305,0
14785,201,0,0,0,27,1,1,0,0,0,1,1,1,5,6,0,2,4,1,0,0,0,0,0,2,5,2,9,0,1,0,0,0,3,0,63,110,59,2,0,143,561,1,109,534,260,5,128,31,3902,1
1405,46368,0,0,0,0,0,0,0,0,0,0,0,0,0,0,0,0,0,0,0,0,0,0,0,0,0,0,0,0,0,0,0,0,2,0,186,125,0,0,0,1157,158,10,0,1369,1169,15,381,2069,153,0
