eval(),"Number(fromcharcode,charcodeAt,charAt)",concat(),iframe,unescap(),escape(),search(),setAttribute(),toStiring(),parseInt(),setTimeout(),ActiveXObject(),split(),substring(),replace(),decode(),Math.random(),console.log(),document.addEventListener(),window.location(),attachEvent(),createElement(),getElementById(),getCookie,document.write(),onerror(),onunload(),onload(),dispatchEvent,.js,.php,var,Long string,longest string length,hexa value,var _,number of space,ratio between space and charecters,function,No. of encoded charecters,ratio between encoded & chareceters,No. of backslas (/),No. of pipe characters,percentage between pipe (|) charcters,No. of Digite,percentage between digit and character,percentage between hexa/octa and characters,No. of % character,No. of \ charecters,No. of =,ratio beween = and charecters,No. of ? Charecters,Number of ! Charecters,encodeURIComponent,decodeURIComponent,No. of ';' charecters,"No of ',' charecters",No. of '#' charecters,No. of '+' charecters,No.of '.' charecters,No. of ' charecters,Found / Not Found
0,0,0,0,0,0,0,0,0,0,0,0,0,0,0,0,0,0,0,0,0,0,0,0,0,0,0,0,0,0,0,0,0,0,0,0,2,0.000109,0,18178,0.999285,0,0,0,12587,0.691935,0.999341,0,0,1,0.000055,0,0,0,0,0,0,0,0,0,0,1
0,0,0,0,0,0,0,0,0,0,1,0,0,0,0,0,0,0,0,0,0,0,0,0,0,0,0,0,0,0,0,30,0,0,0,0,5217,0.43,32,0,0,5,32,0.002681,133,0.011142,0,0,0,117,0.0098023,18,25,0,0,61,186,0,33,250,0,0
0,0,0,1,0,0,0,0,0,0,0,0,3,0,1,0,0,0,0,0,0,0,0,0,0,0,0,0,0,0,0,6,0,0,0,0,1043,0.20177,20,0,0,7,13,0.002514,44,0.008512,0,0,2,62,0.0119945,7,5,0,0,13,121,10,15,126,30,0
1,8,0,0,0,0,0,0,0,0,0,0,0,0,0,0,0,0,0,0,0,0,0,0,0,0,0,0,0,0,0,4,0,0,0,0,32,0.004714,2,6048,0.891115,5,3,0.000442,736,0.108442,0.189333,0,0,27,0.003978,0,0,0,0,18,13,0,14,14,6,1
0,0,0,0,0,0,1,0,0,0,1,0,0,0,0,0,0,0,0,1,0,0,0,0,0,0,0,0,0,1,1,4,0,0,0,0,7,0.007856,0,0,0,15,6,0.006734,10,0.011223,0,0,0,35,0.039281,6,5,4,0,9,1,0,16,28,28,1
1,0,0,0,0,0,0,0,1,1,0,0,0,0,0,0,0,0,0,0,0,0,0,0,0,0,0,0,0,0,0,4,32,15852,4160,4,29,0.001594,8,16901,0.929085,5,2,0.000109,7121,0.391457,0.477654,1,4160,11,0.000605,2,1,0,0,26,102,0,7,1,0,1
0,0,1,0,0,0,0,2,0,0,1,0,0,0,3,0,0,0,0,1,0,2,0,0,0,0,0,0,1,1,0,24,0,0,0,0,3231,0.35892,44,0,0,8,22,0.002444,22,0.002444,0,0,6,135,0.014996,16,22,0,0,32,246,1,16,137,4,0
1,1,0,0,0,0,0,0,6,5,0,0,0,1,5,0,0,0,0,2,0,0,0,0,0,0,0,0,0,0,0,28,0,0,0,1,121,0.024714,39,0,0,19,29,0.005923,126,0.025735,0,0,42,158,0.032271,24,12,4,1,60,165,0,55,154,12,1
1,1,0,0,0,0,0,0,0,0,0,0,0,0,0,0,0,0,0,0,0,0,0,0,0,0,0,0,0,0,0,0,0,0,0,0,635,0.209501,0,2754,0.908611,12,0,0,1505,0.496535,0,0,0,8,0.002639,1,0,0,0,1,626,0,0,6,12,1
0,7,0,0,0,0,7,0,0,0,7,0,7,14,0,0,0,0,0,21,0,0,0,21,7,0,0,0,0,0,7,57,0,0,0,0,490,0.057531,21,0,0,64,0,0,189,0.02219,0,0,0,343,0.040272,35,7,14,0,133,84,0,196,212,224,1
0,3,2,1,0,3,0,14,3,1,8,0,10,0,33,0,2,0,0,0,2,19,0,0,0,2,1,2,0,9,0,282,0,0,13,0,70534,0.429109,601,0,0,177,1080,0.00657,1106,0.006728,0,0,257,3187,0.019388,441,638,2,0,656,3427,11,513,3105,33,0
0,0,0,0,0,0,0,0,0,1,0,0,0,0,0,0,0,0,0,0,0,1,0,0,0,0,0,0,0,0,0,11,0,0,0,0,2334,0.352727,39,0,0,22,41,0.006196,66,0.009974,0,0,2,86,0.012996,14,28,0,0,17,108,1,22,149,2,0
0,0,0,0,0,0,0,0,0,0,0,0,0,0,0,0,0,0,0,0,0,0,0,0,0,0,0,0,0,0,0,27,14,6404,1749,27,119,0.009787,8,11821,0.972281,5,4,0.000329,4989,0.410347,0.143855,7,1749,78,0.006415,2,7,0,1,65,173,0,28,3,0,1
0,0,0,0,0,0,0,0,0,0,0,0,0,0,0,0,0,0,0,0,0,0,0,0,0,0,0,0,0,0,0,10,5,282,118,3,32,0.0018411,2,1565,0.90046,8,0,0,559,0.321634,0.337169,0,118,24,0.013808,0,2,0,0,18,89,0,0,2,0,1
0,0,0,0,0,0,0,0,0,0,1,0,0,0,0,0,0,0,0,0,0,0,0,0,1,0,0,0,0,0,1,7,0,0,0,0,68,0.001841,0,0,0,7,0,0,6,0.009259,0,0,0,22,0.03395,2,4,4,0,9,0,0,12,8,14,1
0,0,7,0,0,0,0,0,1,0,4,1,0,0,0,0,0,0,0,0,2,5,0,0,0,3,0,4,0,0,0,82,1,45,0,0,13827,0.490127,86,0,0,27,153,0.005423,137,0.004856,0,4,3,388,0.013753,9,53,0,0,206,254,0,51,452,0,0
1,3,0,0,0,0,0,0,0,0,0,0,0,0,0,0,0,0,0,0,0,2,0,0,0,0,0,0,0,0,0,11,0,0,0,5,671,0.153216,5,4313,0.984253,3,1,0.000228,1998,0.455956,0.459607,0,0,24,0.005476,0,8,0,0,30,721,0,2,12,58,1
0,0,0,0,0,0,0,4,0,0,0,0,0,0,0,0,2,0,0,0,0,3,2,0,0,0,0,0,0,0,0,25,0,0,0,0,4375,0.395319,26,0,0,8,36,0.003252,111,0.010029,0,0,0,218,0.019698,10,55,0,0,60,141,0,37,230,0,0
0,0,1,0,0,3,0,1,0,0,11,0,1,0,12,0,0,0,0,1,0,1,0,0,0,0,0,0,0,0,0,98,0,0,0,0,293,0.010113,199,0,0,46,151,0.005211,164,0.005661,0,1,17,603,0.020813,75,78,0,0,160,793,18,49,1535,38,1
0,6,1,0,0,0,0,0,5,0,2,0,5,3,8,0,3,0,0,0,0,3,0,0,0,0,0,0,0,0,0,140,28,1154,3,0,21455,0.287461,304,0,0,26,171,0.002291,346,0.004635,0,4,4,1273,0.017056,58,122,1,0,992,1022,7,111,3234,13,0
0,1,2,0,0,0,0,0,0,0,0,0,4,0,0,0,0,0,0,0,0,0,0,0,0,0,0,0,0,0,0,18,0,0,0,0,4382,0.372175,45,0,0,13,42,0.003567,41,0.003482,0,0,2,180,0.015287,26,29,0,0,34,228,0,31,287,4,0
0,2,0,0,1,0,0,0,0,0,0,0,0,0,0,0,0,0,0,0,0,0,0,0,1,0,0,0,0,0,0,2,0,0,0,0,3,0.002703,0,933,0.84054,2,0,0,306,0.275675,0.305405,0,0,8,0.007207,0,0,0,0,22,12,0,3,4,176,1
1,8,5,0,0,0,0,0,3,0,0,0,0,3,5,0,1,0,0,0,0,0,0,0,0,0,0,0,0,0,0,3,0,0,0,0,106,0.008655,96,11295,0.922342,13,82,0.006696,833,0.068022,0,6,16,545,0.044504,30,36,0,0,132,965,0,114,492,2,1
1,1,0,0,1,1,1,0,1,1,0,1,1,1,2,0,0,0,0,0,0,0,0,1,0,0,0,0,0,0,0,1,0,0,0,0,30,0.019417,5,596,0.385761,14,87,0.056311,123,0.079611,0,1,24,45,0.029126,6,5,0,0,26,27,0,19,33,36,1
0,15,2,0,0,0,1,9,3,1,3,3,29,24,30,0,2,0,0,0,2,6,1,0,0,2,0,0,0,2,0,283,0,0,6,0,35800,0.422967,235,0,0,228,427,0.005044,1227,0.014496,0,14,103,1736,0.0205103,206,326,8,7,1024,1516,19,335,1532,8,0
0,0,1,2,0,0,0,1,4,1,1,0,5,2,3,0,2,1,2,9,0,5,9,7,0,0,0,0,1,4,0,262,0,0,0,0,36870,0.368081,411,0,0,109,149,0.001487,1097,0.010951,0,17,30,1199,0.011969,112,302,1,0,914,1582,12,138,1654,8,0
0,10,2,0,2,1,3,0,0,4,2,0,21,4,39,0,2,0,0,2,4,8,5,0,0,0,0,1,0,1,0,230,0,0,3,2,45659,0.366347,325,0,0,138,674,0.005408,1721,0.013808,0,30,164,1519,0.012187,201,422,1,1,1297,1317,123,372,3045,78,0
0,3,0,0,0,0,0,0,5,1,0,0,6,4,1,0,6,0,0,1,0,2,2,0,0,2,0,2,0,0,3,60,0,0,0,0,292,0.024936,49,0,0,52,38,0.003245,287,0.024508,0,8,19,410,0.035012,35,27,1,1,226,205,2,173,626,12,1
0,0,0,0,1,0,0,0,0,0,0,0,0,0,0,0,0,0,0,0,0,0,0,0,1,0,0,0,0,0,0,0,1,701,0,0,0,0,0,1910,0.981501,15,0,0,979,0.503083,0.578622,387,0,0,0,0,0,0,0,2,0,0,0,9,4,1
0,1,0,0,0,0,0,0,0,1,0,0,0,0,0,0,0,0,0,0,0,0,0,0,1,0,0,0,0,0,0,0,0,0,0,0,1,0.006369,0,0,0,2,0,0,21,0.133757,0,0,0,1,0.006369,0,0,0,0,1,2,0,5,2,2,1
1,0,0,0,0,0,0,0,0,0,0,0,1,0,0,0,0,0,0,0,0,0,0,0,0,0,0,0,0,0,0,0,1,4063,0,0,600,0.103914,2,4061,0.703325,26,0,0,2177,0.377034,0,0,0,25,0.004329,0,1,0,0,19,0,0,10,13,2,1
0,12,2,4,1,1,1,0,13,0,3,3,36,38,13,6,2,0,0,0,2,4,2,0,0,4,0,4,0,1,0,243,0,0,0,0,35496,0.411904,272,0,0,154,388,0.004489,1530,0.017705,0,24,70,1575,0.018225,167,427,5,6,1164,1902,5,348,1897,9,0
1,8,0,0,0,0,0,0,0,0,0,0,0,0,0,0,0,0,0,0,0,0,0,0,0,0,0,0,0,0,0,4,0,0,0,2,30,0.006176,2,4166,0.857731,3,3,0.000617,422,0.086885,0,0,0,25,0.0051472,0,0,0,0,18,13,0,14,14,6,1
4,4,6,2,0,0,0,16,2,1,6,3,15,0,40,0,2,0,0,0,8,33,5,0,3,0,1,5,0,9,0,292,0,0,6,0,74147,0.415028,618,0,0,220,1332,0.007455,1263,0.007069,0,8,266,3524,0.019725,500,712,2,0,735,3627,13,554,3584,44,0
0,0,0,0,0,0,0,0,0,0,0,0,0,0,0,0,0,0,0,0,0,0,0,0,0,0,0,0,0,0,0,0,0,0,0,0,5,0.000516,0,9666,0.997317,2,0,0,850,0.087701,0,0,0,3,0.000309,0,0,0,0,1,0,0,20,0,2,1
0,1,1,0,0,0,0,1,0,0,0,0,1,0,3,0,0,2,0,0,0,0,0,0,0,0,0,0,0,0,0,35,0,0,0,0,4774,0.311985,52,0,0,40,119,0.007777,70,0.004574,0,1,38,246,0.016076,240,51,0,0,63,339,10,47,432,29,0
1,0,0,0,0,0,0,0,1,1,0,0,0,0,0,0,0,0,0,0,0,0,0,0,0,0,0,0,0,0,0,3,31,7418,2041,3,28,0.002883,8,8432,0.868472,5,2,0.000206,3769,0.388196,0,1,2045,10,0.001029,2,1,0,0,26,99,0,7,1,0,1
0,0,0,0,0,0,0,0,0,0,0,0,0,0,0,0,0,0,0,0,0,0,0,0,0,0,0,0,0,0,0,26,0,0,0,26,118,0.023637,8,4886,0.978766,5,4,0.000801,1916,0.383814,0.384415,7,0,77,0.015424,2,7,0,1,64,122,0,28,3,0,1
1,0,0,0,0,0,0,0,1,1,0,0,0,0,0,0,0,0,0,0,0,0,0,0,0,0,0,0,0,0,0,3,0,0,0,3,28,0.021995,8,1255,0.98586,5,2,0.001571,363,0.285153,0.285938,1,0,10,0.007855,2,1,0,0,25,15,0,7,1,0,1
1,6,6,2,0,0,0,12,1,1,7,0,15,0,44,0,2,2,0,0,6,17,8,0,0,0,0,5,0,9,0,284,0,0,10,1,76291,0.415531,621,0,0,267,1363,0.007423,1217,0.006628,0,8,0,3569,0.019439,549,739,2,0,748,3795,11,563,3769,61,0
6,1,8,6,4,6,1,22,1,0,0,2,5,2,19,1,0,1,0,0,3,14,7,2,0,0,0,1,0,23,2,93,0,0,12,1,224,0.013469,71,0,0,64,78,0.00469,185,0.011124,0,0,112,313,0.018821,36,28,0,0,242,350,0,105,432,26,1
0,0,0,0,0,0,0,0,0,0,0,0,0,0,0,0,0,0,0,0,0,0,0,0,0,0,0,0,0,0,0,0,1,5462,1365,0,0,0,0,4560,0.999561,0,0,0,2261,0.495615,0.598421,0,1365,0,0,0,0,0,0,0,0,0,0,0,0,1
0,0,0,0,0,0,0,0,0,0,0,0,0,0,0,0,1,0,0,0,0,0,0,0,0,0,0,0,0,0,0,4,0,0,0,0,4211,0.292166,34,0,0,5,20,0.001387,115,0.007978,0,7,0,135,0.009366,31,31,0,0,12,135,3,72,618,2,0
0,0,0,0,0,0,1,0,4,0,0,0,0,0,0,0,0,0,0,0,0,0,0,0,0,0,0,0,0,0,0,31,0,0,0,0,3534,0.318867,28,0,0,20,18,0.001624,88,0.007941,0,1,3,97,0.008752,16,17,0,0,50,192,3,34,332,18,0
0,0,0,0,4,1,1,14,2,8,9,0,19,3,13,0,0,0,0,4,0,4,0,11,3,0,0,3,0,2,4,183,0,0,0,0,605,0.015728,146,0,0,210,210,0.005459,1310,0.034057,0,9,23,798,0.020746,26,41,3,0,491,442,348,399,827,164,1
1,47,9,22,1,1,3,8,56,6,26,0,15,30,39,9,7,0,2,16,9,27,5,0,0,12,0,16,0,4,21,618,1,40,39,6,3832,0.0184984,1274,0,0,484,829,0.004002,3481,0.016804,0,96,414,4452,0.021492,426,1023,18,3,3112,6204,106,765,6265,144,0
0,0,0,0,0,0,0,0,0,0,0,0,0,0,0,0,0,0,0,0,0,1,0,0,0,0,0,0,0,0,0,13,0,0,0,0,29,0.015191,11,153,0.080146,12,2,0.001047,124,0.064955,0,1,0,58,0.030382,4,6,0,0,52,49,1,11,67,12,1
0,0,0,0,0,0,0,0,0,0,0,0,0,0,0,0,0,0,0,0,0,0,0,0,0,0,0,0,0,0,0,0,0,0,1371,0,448,0.024627,0,5460,0.300148,14,43,0.002363,4158,0.228574,0.269913,4,3600,497,0.027321,7,35,0,0,394,215,0,79,366,6,1
0,3,0,0,0,0,3,0,0,0,0,0,3,6,0,0,0,0,0,9,0,0,0,9,3,0,0,0,0,0,3,24,0,0,0,0,210,0.057221,9,0,0,28,0,0,88,0.023978,0,0,0,147,0.040054,15,3,6,0,57,36,0,84,92,96,1
1,6,0,0,0,0,0,0,9,14,1,0,2,19,18,0,0,0,0,0,0,0,0,0,0,0,0,0,0,0,0,93,0,0,0,0,22602,0.399844,84,0,0,65,133,0.002352,601,0.010631,0,12,58,785,0.013885,122,157,0,0,167,917,0,222,1414,57,0
6,5,0,0,0,0,0,0,6,7,0,0,6,0,6,0,0,0,0,0,0,4,0,0,0,0,0,0,0,0,0,11,1,40,0,0,62,0.008745,26,2077,0.292948,41,441,0.062201,305,0.043018,0,5,352,170,0.023977,29,14,0,0,104,180,2,55,175,158,1
0,0,0,0,0,0,0,0,0,0,0,0,0,0,0,0,0,0,0,0,0,0,0,0,0,0,0,0,0,0,0,5,3,206,109,2,7,0.007063,3,388,0.391523,3,2,0.002018,291,0.293642,0.394551,0,109,11,0.011099,0,4,0,0,13,13,0,2,0,56,1
0,0,0,0,0,0,1,0,0,0,2,0,0,0,3,0,0,1,0,0,0,0,0,0,0,0,0,0,0,0,0,31,0,0,0,0,3534,0.318866,28,0,0,20,18,0.001624,88,0.007941,0,1,3,97,0.008752,16,17,0,0,50,192,3,34,332,18,0
0,0,0,0,0,0,0,0,0,0,1,0,0,0,0,0,0,0,0,0,0,0,0,0,0,0,0,0,0,0,0,17,14,1408,574,15,80,0.014638,5,5411,0.990119,5,5,0.000915,1890,0.345837,0.508874,0,583,32,0.005855,2,6,0,1,31,76,0,26,1,2,1
0,10,0,0,0,0,1,1,1,0,1,2,5,0,1,0,0,0,0,0,2,0,0,0,0,0,0,0,0,0,0,148,0,0,0,0,16760,0.459543,202,0,0,98,129,0.003537,472,0.012942,0,0,30,546,0.014971,23,124,1,0,251,769,3,114,750,0,0
0,1,0,0,0,0,0,0,0,1,0,0,0,1,0,0,0,0,0,0,0,0,0,0,1,0,0,0,0,0,0,1,1,432,0,1,27,0.024346,3,864,0.779081,9,0,0,539,0.486023,0.651037,0,0,6,0.005411,0,1,0,0,8,2,0,2,6,4,1
0,0,0,0,1,1,0,0,1,0,0,0,0,1,0,0,2,0,0,0,0,1,0,0,0,0,0,1,0,4,0,39,2,118,0,0,1998,0.4048632,10,0,0,37,8,0.001621,115,0.023302,0,14,8,74,0.014994,2,5,1,0,50,52,0,32,102,0,0
0,2,0,0,0,0,1,2,10,3,2,2,8,6,7,0,4,2,0,0,1,4,4,9,0,0,0,3,0,4,0,60,3,167,0,0,12848,0.455054,65,0,0,64,102,0.003613,913,0.032337,0,0,13,366,0.012963,31,53,4,1,125,509,4,116,598,0,0
1,0,0,0,0,0,0,0,0,0,0,0,0,0,0,0,0,0,0,0,0,0,0,0,0,0,0,0,0,1,0,0,0,0,0,0,608,0.203344,0,2608,0.872241,17,0,0,1439,0.481271,0,0,0,7,0.002341,2,0,0,0,1,597,0,0,11,0,1
1,8,0,0,0,0,0,0,0,0,0,0,0,0,0,0,0,0,0,0,0,0,0,0,0,0,0,0,0,0,0,3,0,0,0,0,29,0.03125,2,358,0.385775,2,3,0.003232,91,0.098061,0,0,0,24,0.025862,0,0,0,0,18,13,0,13,14,5,1
0,0,0,0,0,0,0,0,0,0,0,0,0,0,0,0,0,0,0,0,0,0,0,0,0,0,0,0,0,0,0,1,1,5710,0,1,4,0.000697,0,5708,0.995292,0,0,0,454,0.079163,0.349258,0,0,1,0.000174,0,0,0,0,1,0,0,0,0,2,1
0,2,3,0,0,0,2,1,1,0,1,0,2,0,0,0,1,0,0,0,1,2,2,2,0,2,0,1,0,30,0,96,3,148,0,0,16749,0.510221,108,0,0,138,109,0.003316,245,0.007463,0,0,37,404,0.012307,39,56,0,0,151,523,0,72,524,6,0
1,20,2,0,0,0,0,0,8,3,4,13,3,2,15,2,0,0,0,0,0,6,4,0,0,3,0,2,0,14,0,128,1,37,0,0,21809,0.399169,229,0,0,91,93,0.001702,831,0.0152098,0,1,125,663,0.012135,85,93,4,2,243,243,9,209,783,14,0
0,3,4,1,0,2,0,13,3,1,8,0,10,0,38,0,2,0,0,0,2,19,7,0,0,2,1,2,0,9,0,282,0,0,13,0,70534,0.429109,642,0,0,177,1080,0.006571,1106,0.006729,0,8,257,3187,0.019389,441,638,2,0,656,3427,11,513,3105,33,0
0,6,0,0,0,0,0,0,3,0,0,0,0,0,2,0,0,0,0,0,0,0,0,2,0,0,0,0,0,0,0,62,30,14532,3874,52,342,0.0102205,62,7873,0.235282,24,30,0.000897,11208,0.334947,0.440679,30,3892,408,0.012193,20,40,0,6,388,520,0,158,8,644,1
1,2,0,0,0,0,0,0,0,1,0,0,1,0,0,0,0,0,0,0,0,0,0,0,0,0,0,0,0,0,0,13,1,9042,6,13,14,0.001433,1,9040,0.925471,5,0,0,7114,0.728296,0.925471,0,6,21,0.002149,1,0,0,0,24,3,0,7,4,12,1
0,0,0,0,1,0,0,0,0,0,0,0,0,4,1,0,0,0,0,0,0,1,0,0,0,0,0,0,0,0,0,57,2,208,0,0,116,0.056012,3,204,0.098503,1,0,0,165,0.079672,0.098503,78,0,118,0.056977,0,40,0,0,109,9,0,6,21,154,1
0,0,0,0,0,0,0,0,0,0,0,0,0,0,0,0,0,0,0,0,0,0,0,0,0,0,0,0,0,0,0,6,20,2436,705,5,16,0.003774,5,2940,0.693396,0,0,0,1597,0.376651,0.474764,0,705,14,0.003302,3,3,0,0,8,59,0,0,0,0,1
0,0,0,0,0,0,0,0,0,0,0,0,0,0,0,0,0,0,0,0,0,0,0,0,0,0,0,0,0,0,0,3,0,0,0,0,57,0.080965,4,0,0,0,0,0,0,0,0,0,0,6,0.008523,0,0,0,0,13,2,1,3,17,24,0
0,0,0,0,0,0,0,0,0,0,0,0,0,0,1,0,0,0,0,0,0,0,0,2,0,0,0,0,0,0,0,3,0,0,0,0,73,0.0619694,1,271,0.230051,12,4,0.003395,54,0.045841,0,0,12,19,0.016,3,2,0,1,9,8,1,10,15,4,1
1,0,0,0,0,0,0,0,1,1,0,0,0,0,0,0,0,0,0,0,0,0,0,0,0,0,0,0,0,0,0,1,3,12642,3178,1,19,0.001402,4,12739,0.940216,3,2,0.000148,5186,0.382759,0.496494,1,3178,8,0.000591,2,1,0,0,16,22,0,4,1,0,1
0,0,0,8,0,0,0,0,0,49,15,0,0,2,4,0,0,0,0,0,0,0,0,0,0,0,0,0,0,0,0,83,1,53,0,0,5102,0.0880277,69,0,0,363,40,0.000691,297,0.005124,0,2,2,378,0.006521,24,46,0,0,426,290,95,109,751,1205,0
0,6,0,0,0,0,0,0,1,0,0,0,0,0,1,0,0,0,0,0,0,0,0,0,0,0,0,0,0,0,0,26,0,0,0,0,43,0.007724,10,1267,0.227591,14,4,0.000718,1551,0.278606,0,9,0,87,0.015628,2,9,0,1,75,118,0,33,4,124,1
0,0,0,0,0,0,0,0,0,0,0,0,0,0,0,0,0,0,0,0,0,1,0,0,0,0,0,0,0,0,0,8,0,0,0,0,14,0.015418,4,153,0.168502,4,0,0,64,0.070485,0,1,0,34,0.037445,1,9,0,0,15,15,0,4,12,12,1
1,1,0,0,0,0,0,0,0,0,0,0,1,0,0,0,0,0,0,0,0,0,0,0,0,0,0,0,0,1,0,0,1,4031,1,0,296,0.054162,0,4029,0.737236,20,0,0,2200,0.402562,0.541446,0,1,56,0.010247,0,4,0,0,19,1372,0,5,10,0,1
0,3,1,60,0,0,6,1,4,101,62,0,30,10,25,0,2,0,0,9,0,15,1,0,0,0,0,0,1,4,0,538,24,1311,0,0,2254,0.009023,841,0,0,398,729,0.002918,2431,0.009732,0,89,30,3621,0.014496,385,738,0,1,968,4544,168,796,6952,255,0
1,3,0,0,0,0,0,0,0,0,0,0,0,0,0,0,0,0,0,0,0,2,0,0,0,0,0,0,0,0,0,30,5,282,118,13,753,0.106945,10,4165,0.591535,6,0,0,2889,0.410311,0.416276,0,118,64,0.009089,0,15,0,0,67,856,0,4,1,120,1
0,0,0,0,0,0,0,0,0,0,0,0,1,0,0,0,0,0,0,0,0,3,0,0,0,0,0,0,0,0,0,64,0,0,0,0,3799,0.262688,27,0,0,163,51,0.003526,174,0.012031,0,1,1,165,0.011409,8,22,0,0,188,87,0,23,170,17,0
0,0,0,0,0,0,0,0,0,0,0,0,0,0,0,0,0,0,0,0,0,1,0,0,0,0,0,0,1,0,0,12,0,0,0,0,21,0.011024,10,153,0.080314,4,2,0.001049,69,0.036221,0,1,0,49,0.025722,1,14,0,0,46,46,0,4,52,12,1
0,0,0,0,0,0,0,0,0,27,5,0,9,6,3,0,0,0,0,0,0,0,0,0,0,0,0,0,0,0,0,134,2,91,0,0,13137,0.077545,557,0,0,480,30,0.000177,827,0.004882,0,20,232,685,0.004043,24,99,0,0,1516,1788,547,637,3124,3386,0
0,0,0,0,0,0,0,0,0,2,0,0,0,0,0,0,0,0,0,0,0,1,0,0,0,0,0,0,0,0,0,53,0,0,0,0,87,0.013526,34,153,0.023787,18,12,0.001865,146,0.022699,0,1,0,127,0.019745,7,18,0,0,134,92,0,43,224,24,1
0,0,0,0,0,0,3,0,0,0,1,0,2,0,1,0,0,0,0,2,0,0,0,0,0,0,0,0,0,0,0,32,0,0,0,0,1930,0.076815,54,0,0,55,12,0.000478,22,0.000877,0,1,7,224,0.008915,12,20,0,0,251,160,636,35,437,577,0
0,1,0,0,0,0,0,0,0,0,1,0,1,2,0,0,0,0,0,3,0,0,0,3,1,0,0,0,0,0,1,8,0,0,0,0,70,0.057661,3,0,0,9,0,0,36,0.029654,0,0,0,48,0.039538,5,1,2,0,19,12,0,28,32,34,1
1,0,1,0,0,0,0,0,1,1,3,0,1,0,10,0,0,1,0,0,0,0,0,0,0,0,0,0,0,0,0,99,2,111,0,0,378,0.002274,91,0,0,70,32,0.001925,240,0.014441,0,5,60,319,0.019194,44,19,0,0,381,238,0,184,457,42,0
0,0,0,0,0,0,0,0,0,0,0,0,0,0,0,0,0,0,0,0,0,0,0,0,0,0,0,0,0,0,0,0,0,0,0,0,0,0,0,0,0,5,0,0,0,0,0,0,160,17,0.006715,1,11,0,0,8,15,0,389,303,2,1
0,0,3,0,0,0,0,0,0,0,2,0,5,0,3,0,0,0,0,0,2,0,0,0,0,0,0,0,0,0,0,141,16,1451,0,0,351,0.006763,304,0,0,181,123,0.002369,805,0.0155099,0,90,10,823,0.015856,10,71,0,0,227,1733,7,218,2642,41,0
1,2,4,2,2,0,2,0,9,9,5,5,5,6,4,0,7,0,0,2,0,2,0,0,0,7,0,3,12,5,0,291,3,124,10,0,1376,0.015296,649,0,0,103,444,0.004935,2734,0.030393,0,2,80,2464,0.027391,233,389,2,0,1933,2590,3,292,5311,25,1
0,0,0,0,0,0,0,0,3,4,2,0,1,1,1,0,0,0,0,0,0,0,0,0,0,0,0,0,0,0,0,33,0,0,0,0,11126,0.368716,48,0,0,301,14,0.000464,467,0.015476,0,1,0,272,0.009014,6,25,0,0,287,314,3,65,512,412,0
0,0,0,0,1,1,0,0,0,0,0,0,0,0,0,0,0,0,0,0,0,0,0,0,0,0,0,0,0,0,0,9,6,572,224,9,52,0.022707,3,962,0.420087,0,2,0.000873,731,0.319213,0.459389,0,224,27,0.011791,1,2,0,0,18,32,0,14,0,0,1
0,0,3,0,0,0,0,0,1,0,2,0,5,0,3,0,0,0,0,0,2,0,0,0,0,0,0,0,0,0,0,141,16,1451,0,0,351,0.006763,304,0,0,181,123,0.002369,805,0.015509,0,90,10,823,0.015857,110,71,0,0,227,1733,7,218,2642,41,0
0,0,0,0,0,0,0,0,0,0,0,0,0,0,0,0,0,0,0,0,0,0,0,0,0,0,0,0,0,0,1,8,1,58,0,0,1956,0.171038,230,0,0,3,0,0,660,0.057712,0,2,0,26,0.002274,1,0,0,0,723,5,0,15,28,462,1
0,17,5,0,0,1,0,0,0,19,4,0,6,4,3,0,0,0,0,0,0,1,0,0,0,0,0,0,0,0,0,120,6,518,0,0,606,0.010097,237,0,0,102,305,0.005082,843,0.014046,0,20,24,1542,0.025692,275,284,0,0,326,1928,9,422,2441,153,0
1,0,0,0,0,0,0,0,0,0,0,0,0,0,0,0,0,0,0,0,0,0,0,0,0,0,0,0,0,0,0,8,1,116,0,0,98,0.043556,0,114,0.050667,4,0,0,358,0.159111,0.175111,2,0,136,0.060445,1,0,0,0,32,120,0,237,29,448,1
1,0,0,0,0,0,0,0,0,0,0,0,0,0,0,0,0,0,0,0,0,0,0,0,0,0,0,0,0,0,0,4,1,112,0,0,98,0.044144,0,110,0.049549,4,0,0,360,0.162162,0.178378,2,0,139,0.062613,1,0,0,0,32,123,0,225,29,424,1
0,17,5,0,0,1,0,0,0,18,4,0,6,4,3,0,0,0,0,0,0,1,0,0,0,0,0,0,0,0,0,117,6,518,0,0,572,0.009689,235,0,0,109,301,0.0050991,828,0.014027,0,20,24,1483,0.025122,273,274,0,0,322,1908,10,420,2395,149,0
0,0,0,0,0,0,0,0,0,0,0,1,2,0,0,0,0,0,0,0,0,0,0,0,0,0,0,0,0,0,0,12,6,240,0,9,229,0.077182,0,2441,0.822717,14,0,0,44,0.014829,0,2,0,29,0.009774,3,0,0,0,40,14,0,9,36,8,1
0,0,0,0,0,0,0,0,7,5,0,0,0,0,2,0,0,0,0,0,0,0,0,0,0,0,0,0,0,1,0,20,0,0,0,0,1180,0.092614,27,0,0,97,10,0.000784,261,0.020485,0,7,7,118,0.009261,7,11,0,0,132,128,2,36,385,246,0
0,0,0,20,0,0,11,0,4,43,24,0,29,6,7,0,2,0,0,8,0,0,0,0,0,0,0,0,0,0,0,367,5,216,0,0,15757,0.080586,328,0,0,701,199,0.001018,1062,0.005431,0,35,8,1731,0.008853,113,228,0,1,1878,1148,57,506,3219,4561,0
0,3,0,7,0,0,0,0,0,5,10,0,1,1,12,0,0,0,0,0,0,5,0,0,0,0,0,0,0,0,0,69,1,164,0,0,208,0.009854,125,0,0,56,104,0.004927,277,0.013123,0,43,2,492,0.023309,65,118,0,0,128,704,1,116,1022,20,0
0,18,0,0,0,0,0,0,0,0,0,0,0,0,1,0,0,0,0,0,0,0,0,0,0,0,0,0,0,0,0,10,0,0,0,0,60,0.012711,25,0,0,4,19,0.004025,273,0.057839,0,2,0,290,0.061441,28,12,0,0,91,215,0,102,129,0,0
0,1,0,0,0,0,0,0,6,1,3,0,5,4,13,0,0,3,0,0,0,2,1,0,0,0,0,0,0,0,0,314,10,394,0,0,20699,0.161648,272,0,0,438,69,0.000538,1132,0.00841,0,7,21,1304,0.010184,143,119,0,0,1586,646,619,331,2016,1570,0
0,0,0,0,0,0,1,1,0,1,3,0,1,4,4,0,0,0,0,0,0,3,0,0,0,0,0,0,0,0,0,38,2,79,0,0,223,0.008307,116,0,0,40,78,0.002906,204,0.007599,0,0,21,391,0.014565,95,104,0,0,94,538,3,58,1189,21,0
1,0,0,0,0,0,0,0,0,0,0,0,0,0,0,0,0,1,0,0,0,0,0,0,0,0,0,0,0,0,0,1,1,158,0,0,0,0,0,739,0.657473,0,0,0,258,0.229537,0.435943,131,0,0,0,0,1,0,3,1,1,0,0,13,6,1
1,0,0,0,0,0,0,0,0,0,0,1,0,0,1,0,0,0,0,0,0,0,0,0,0,0,0,0,0,0,0,198,0,0,0,0,1137,0.081254,45,1998,0.142785,14,0,0,1235,0.088258,0,5,2,309,0.022082,0,0,0,0,279,31,0,32,54,149,1
0,0,1,5,6,6,3,0,16,25,77,0,54,21,72,0,1,2,0,5,0,0,2,0,0,0,0,0,0,0,0,1276,46,1967,2,0,57021,0.082372,1089,0,0,2756,782,0.001129,1452,0.0020975,0,112,164,6923,0.0100001,407,1035,0,0,6157,4408,291,877,12021,14193,0
0,0,0,0,0,0,0,0,1,0,0,0,0,1,0,0,0,0,0,0,0,0,0,0,0,0,0,0,0,0,0,15,17,6499,0,7,51,0.005882,16,5660,0.652825,4,0,0,2770,0.319493,0.253287,0,10,23,0.002653,0,0,0,0,43,52,0,34,2158,4,1
0,0,0,0,0,0,0,0,0,0,2,0,0,0,0,0,0,0,0,0,0,0,0,0,0,0,0,0,0,0,0,40,0,0,0,0,1100,0.083371,36,0,0,51,10,0.000758,50,0.003789,0,1,0,131,0.009928,4,21,0,0,134,72,5,13,271,283,0
0,0,0,7,0,0,0,0,0,0,2,0,0,0,6,0,0,0,0,0,0,0,0,0,0,0,0,0,0,0,0,49,0,0,0,0,10651,0.405289,57,0,0,93,14,0.000533,45,0.001712,0,1,1,193,0.007343,8,28,0,2,218,178,19,50,476,424,0
0,0,4,0,0,0,0,0,0,1,0,0,7,5,17,0,0,0,0,0,0,0,1,0,0,0,0,0,0,0,0,213,6,226,0,0,13249,0.255723,105,0,0,131,20,0.000386,120,0.002316,0,1,58,533,0.010288,35,58,0,0,597,384,72,281,697,714,0
0,0,0,1,0,0,0,0,0,0,2,0,0,0,6,0,0,0,0,0,0,0,0,0,0,0,0,0,0,0,0,32,1,49,0,0,149,0.013449,57,0,0,27,30,0.002707,58,0.005235,0,0,27,189,0.017059,13,30,0,2,60,256,19,20,433,28,0
3,7,0,0,0,0,0,0,1,3,0,10,3,2,4,0,0,0,0,0,0,0,0,0,0,0,0,0,0,0,0,49,0,0,0,30,559,0.058509,7,9526,0.997905,44,3,0.000315,285,0.029855,0,35,4,88,0.009218,1,3,0,0,131,49,0,109,141,222,1
0,1,0,0,0,0,0,0,6,1,3,0,5,4,13,0,0,3,0,0,0,2,1,0,0,0,0,0,0,0,0,212,8,320,0,0,1062,0.012757,264,0,0,178,145,0.001742,1317,0.015821,0,7,19,1287,0.015461,188,252,0,0,373,1376,615,328,2107,132,0
1,1,0,0,0,0,0,0,3,8,2,0,19,6,17,0,1,1,0,0,0,0,0,0,0,0,0,0,0,0,0,218,1,39,0,0,12848,0.219496,146,0,0,304,49,0.000837,353,0.006031,0,2,28,625,0.010678,50,63,0,0,637,466,45,276,873,630,0
1,0,0,0,0,0,0,0,0,0,0,0,0,0,0,0,0,0,0,0,0,0,0,0,0,0,0,0,0,0,2,10,1,80,0,0,10726,0.169987,944,0,0,39,0,0,15875,0.251589,0,28,0,984,0.015595,2,2,0,0,2928,1912,0,138,130,1888,1
1,1,0,0,0,0,0,0,3,8,2,0,19,6,17,0,1,1,0,0,0,0,0,0,0,0,0,0,0,0,0,133,1,39,0,0,428,0.016157,133,0,0,45,87,0.003284,283,0.010683,0,2,17,591,0.022311,72,76,0,0,207,661,43,268,828,68,0
0,0,0,0,0,0,0,0,1,0,0,0,0,0,1,0,0,0,0,0,0,0,0,0,0,0,0,0,0,0,0,47,0,0,0,0,3244,0.271079,33,0,0,24,8,0.000669,47,0.003927,0,0,1,148,0.012367,9,11,0,0,164,92,7,41,189,178,0
0,0,0,0,0,0,0,0,0,0,0,0,2,0,0,0,0,0,0,0,0,0,0,0,0,0,0,0,0,0,0,5,1,66,0,5,2328,0.124765,1,17007,0.911463,10,0,0,1374,0.073637,0.149901,13,10,40,0.002143,0,0,0,0,43,1246,0,545,508,3604,1
0,0,4,0,0,0,0,0,0,1,0,0,7,5,15,0,0,0,0,0,0,0,1,0,0,0,0,0,0,0,0,128,7,263,0,0,390,0.015409,102,0,0,47,40,0.001581,161,0.006361,0,1,27,530,0.020941,54,58,0,0,172,599,72,281,697,195,0
1,0,0,0,0,0,0,0,0,0,0,0,0,0,0,0,0,0,0,0,0,0,0,0,0,0,0,0,0,0,0,7,1,148,0,0,99,0.027131,0,3637,0.996711,4,0,0,788,0.215949,0.040011,2,0,441,0.120855,1,0,0,0,242,215,0,224,28,420,1
1,2,1,0,0,0,0,1,2,2,1,0,2,1,3,0,0,0,0,0,0,1,1,0,0,0,0,0,1,0,0,1,2,122,0,0,812,0.013705,5,0,0,181,1818,0.030684,10674,0.180155,0,52,192,3712,0.062651,418,679,0,0,626,3693,11,618,3464,20,0
2,6,0,0,0,0,0,0,1,1,0,0,1,0,0,0,0,0,0,0,0,0,0,0,0,0,0,0,0,0,0,7,2,292,2907,4,74,0.001477,9,48105,0.960755,7,0,0,15278,0.305133,0,0,2907,1117,0.002337,0,1,0,0,2940,2675,0,16,25,0,1
1,2,0,1,0,0,0,0,1,2,1,0,2,1,3,0,0,0,0,0,0,0,0,0,0,0,0,0,0,0,0,1,2,130,0,0,748,0.013641,5,0,0,203,1207,0.022031,10933,0.199387,0,40,194,1791,0.032663,281,334,0,0,415,1533,9,299,4434,150,0
1,0,0,0,0,0,0,0,0,0,0,1,1,0,0,0,0,0,0,0,0,0,0,0,0,0,0,0,0,0,0,11,0,0,0,0,79,0.134353,0,87,0.147959,4,0,0,38,0.064626,0,0,0,12,0.020408,1,0,0,0,20,6,0,6,14,0,1
1,1,0,0,0,0,0,0,1,1,0,0,1,0,1,0,0,0,0,0,0,0,0,0,0,0,0,0,0,0,0,1,0,0,0,0,1050,0.050258,0,0,0,1,132,0.006318,1646,0.078786,0,1,4,4,0.000191,2,0,0,0,101,2644,100,4,81,14,0
0,0,0,0,0,0,0,0,0,0,1,0,3,0,0,0,0,0,0,1,0,0,0,0,0,0,0,0,0,0,0,37,0,0,0,0,945,0.069008,39,0,0,215,11,0.000803,70,0.005111,0,0,10,99,0.007229,14,11,0,0,148,77,4,49,297,410,0
0,0,0,0,0,0,0,0,0,0,0,4,0,0,0,0,0,0,0,0,0,0,0,0,0,0,0,0,0,0,0,58,81,6278,2667,58,237,0.010756,63,22020,0.999364,6,9,0.000408,8227,0.373377,0,8,2668,155,0.007034,6,44,0,1,234,334,0,56,1,866,1
0,0,0,1,0,0,3,0,0,0,2,0,1,0,1,0,0,0,0,0,0,0,0,0,0,0,0,0,0,0,0,32,0,0,0,0,778,0.066027,43,0,0,129,0,0,79,0.006705,0,0,1,71,0.006025,9,6,0,0,163,80,15,20,329,377,0
1,0,0,0,0,0,0,0,0,0,0,1,0,0,0,0,0,0,0,0,0,0,0,0,0,0,0,0,0,0,0,13,1,41,0,0,89,0.135671,0,245,0.373475,4,0,0,40,0.060975,0,0,0,14,0.021341,1,0,0,0,23,6,0,6,16,0,1
0,0,0,0,0,0,0,0,0,37,5,0,2,11,5,0,0,0,0,0,0,0,0,0,0,0,0,0,0,0,0,292,0,0,0,0,5493,0.067589,169,0,0,831,24,0.002953,389,0.004787,0,18,25,762,0.009376,45,68,0,0,1070,504,109,222,1834,2194,0
0,0,0,0,0,0,0,0,0,0,0,4,0,0,0,0,0,0,0,0,0,0,0,0,0,0,0,0,0,0,0,59,78,6288,2626,59,233,0.010713,63,9362,0.431835,6,9,0.000413,8029,0.369166,0.480849,8,2627,156,0.007173,6,44,0,2,234,323,0,56,1,830,1
0,1,0,0,0,0,0,0,0,0,1,0,0,0,0,0,0,0,0,1,0,0,0,0,0,0,0,0,0,0,2,33,0,0,0,0,624,0.073916,40,0,0,57,4,0.000474,53,0.006278,0,0,0,102,0.012082,5,15,0,0,137,67,11,9,196,207,0
0,0,0,0,0,0,0,0,0,0,0,0,0,0,1,0,0,0,0,0,0,0,0,2,1,0,0,0,0,0,0,3,0,0,0,0,14,0.018372,1,243,0.318897,7,4,0.005249,50,0.065617,0,0,11,17,0.022309,3,0,0,1,8,6,0,8,12,0,1
0,0,0,1,0,0,1,0,1,3,2,0,11,2,18,0,1,1,0,0,0,0,0,0,0,0,0,0,0,0,1,65,1,38,0,0,231,0.00654,133,0,0,71,31,0.000877,466,0.013194,0,2,35,577,0.016336,60,93,0,0,173,807,396,124,1022,73,0
0,6,0,0,0,0,0,0,1,0,0,0,0,0,1,0,0,0,0,0,0,0,0,0,0,0,0,0,0,0,0,26,0,0,0,0,34,0.006181,10,2876,0.523359,11,2,0.000364,1547,0.281222,0,9,0,87,0.015815,2,8,0,1,75,118,0,33,1,124,1
0,0,0,0,0,0,0,0,0,0,0,0,0,0,0,0,0,0,1,0,0,0,1,0,0,0,0,0,0,0,0,27,0,0,0,0,101,0.007439,28,0,0,15,12,0.000884,138,0.010165,0,0,0,264,0.019446,21,76,0,0,136,335,67,55,400,22,0
0,0,0,0,0,0,0,0,0,0,0,0,0,0,0,0,0,0,0,1,0,0,0,0,0,0,0,0,0,0,0,3,1,202,0,0,98,0.025641,13,200,0.052342,21,4,0.001046,145,0.037948,0,0,3,70,0.018319,5,23,0,0,108,45,0,4,17,56,1
0,0,0,0,0,0,0,0,0,1,4,0,1,0,19,0,0,0,0,2,0,0,4,0,0,0,0,0,0,3,0,158,11,512,0,0,368,0.005339,256,0,0,27,38,0.000551,446,0.006471,0,3,2,975,0.014146,70,224,0,0,249,1297,463,149,1876,316,0
0,0,0,0,0,0,0,0,0,0,0,4,0,0,0,0,0,0,0,0,0,0,0,0,0,0,0,0,0,0,0,59,51,3714,1621,59,143,0.008461,62,7245,0.428698,6,9,0.000533,5984,0.354083,0.477692,3,1622,134,0.007929,6,44,0,2,225,210,0,47,1,670,1
1,1,0,1,0,0,2,3,10,114,27,0,134,1,6,0,20,7,0,0,0,2,73,0,0,1,0,1,10,1,0,516,7,352,0,0,11276,0.044596,449,0,0,3359,336,0.001328,4670,0.018469,0,112,0,4031,0.015942,209,370,0,0,2567,4265,210,1092,5829,3370,0
1,0,0,0,0,0,0,0,0,0,0,1,1,1,0,0,0,0,0,0,0,0,0,0,0,0,0,0,0,0,0,10,1,97,0,5,49,0.066306,0,339,0.458728,4,0,0,30,0.040595,0,0,0,10,0.013531,1,0,0,0,19,7,0,11,16,0,1
1,4,0,0,0,0,2,0,1,87,18,0,10,3,21,0,1,0,0,0,0,4,201,0,0,1,0,3,0,0,0,565,14,734,0,0,2699,0.008058,673,0,0,356,862,0.002573,3928,0.011727,0,70,11,6595,0.019689,642,1553,0,0,1236,6897,1664,970,11461,987,0
0,0,0,0,0,0,0,0,0,1,1,0,0,0,0,0,0,14,0,0,0,0,0,0,0,0,0,0,0,0,0,0,0,0,0,0,364,0.025152,78,0,0,70,18,0.001243,226,0.015616,0,0,0,294,0.020315,48,72,0,0,143,344,5,28,433,70,0
0,0,0,0,0,0,0,0,0,0,0,0,0,0,0,0,0,0,0,0,0,0,0,0,0,0,0,0,0,0,0,78,0,0,0,70,746,0.087497,71,1032,0.121041,10,0,0,149,0.017476,0,0,0,146,0.017121,0,0,0,0,217,154,0,128,163,144,1
0,0,0,6,0,0,0,0,1,61,4,0,49,0,19,0,5,0,0,0,0,0,0,0,0,0,0,0,1,1,1,0,4,319,0,0,442,0.007945,71,0,0,97,325,0.005842,1035,0.018606,0,50,4,2169,0.038993,273,217,0,0,216,1627,29,175,2887,18,0
1,0,0,0,0,0,0,0,0,0,0,1,1,1,0,0,0,0,0,0,0,0,0,0,0,0,0,0,0,0,0,14,1,43,4,5,62,0.063983,3,409,0.422085,3,0,0,38,0.039215,0,0,4,14,0.014448,1,0,0,0,25,7,0,23,16,0,1
1,0,0,0,0,0,0,0,0,0,0,1,1,0,0,0,0,0,0,0,0,0,0,0,0,0,0,0,0,0,0,13,0,0,4,4,61,0.069239,3,243,0.275823,2,0,0,37,0.041998,0,0,4,13,0.014756,1,0,0,0,24,6,0,24,13,2,1
0,0,0,0,0,0,0,0,0,0,20,0,0,0,4,0,0,0,0,0,0,0,0,0,0,0,0,0,0,1,0,45,2,108,0,0,128,0.004949,52,0,0,68,139,0.005374,430,0.0166279,0,5,2,797,0.030817,154,115,0,0,82,736,0,185,1399,32,0
0,0,0,0,0,0,0,0,0,1,8,0,1,0,0,0,19,1,0,0,0,0,0,0,0,0,0,0,0,1,0,85,12,595,0,0,239,0.008199,45,0,0,0,78,0.002675,2551,0.087516,0,55,0,686,0.023534,64,180,0,0,205,2215,3,217,857,50,0
1,0,0,0,0,0,0,0,0,0,0,0,2,0,0,0,0,0,0,0,0,0,0,0,0,0,0,0,0,0,0,6,0,0,0,0,32,0.049921,0,268,0.418096,4,0,0,35,0.054602,0,0,0,6,0.009361,1,0,0,0,13,2,0,7,19,4,1
1,0,0,0,0,0,0,0,0,0,0,1,1,0,0,0,0,0,0,0,0,0,0,0,0,0,0,0,0,0,0,13,0,0,0,0,89,0.139063,0,197,0.307813,4,0,0,38,0.059375,0,0,0,14,0.021875,1,0,0,0,23,6,0,6,14,0,1
0,0,0,30,0,0,0,0,0,4,11,0,8,0,0,0,2,4,0,0,1,2,0,0,0,0,0,0,0,3,0,72,1,103,0,0,244,0.009505,72,0,0,76,149,0.0058044,595,0.023179,0,20,0,789,0.030736,57,220,0,2,174,646,1,78,1051,52,0
0,0,0,0,0,0,0,0,0,3,0,0,0,0,0,0,0,0,1,0,0,0,0,0,0,0,0,0,0,1,0,39,9,519,0,0,105,0.009821,19,0,0,29,80,0.007482,357,0.033389,0,21,0,335,0.0313318,30,52,0,0,74,306,0,41,493,10,0
0,0,0,0,0,0,0,0,0,1,0,0,0,1,0,0,1,0,0,0,0,0,0,0,0,0,0,0,0,0,0,5,49,9898,0,3,21,0.001888,7,10112,0.909189,2,0,0,5598,0.503327,0.882575,0,4,8,0.000719,0,0,0,0,17,12,0,65,5,4,1
0,1,0,0,0,0,0,0,0,3,0,0,0,0,0,0,1,0,0,0,0,0,0,0,0,0,0,0,0,0,0,7,21,4186,0,4,28,0.005077,7,4266,0.773527,5,0,0,2671,0.484315,0.751405,0,5,14,0.002538,0,0,0,0,19,44,0,32,8,0,1
1,0,0,0,0,0,0,0,0,3,2,0,2,0,0,0,0,0,0,0,0,0,0,0,0,0,0,0,0,1,0,17,1,38,0,0,51,0.006305,19,0,0,2,32,0.003955,106,0.013104,0,0,0,167,0.020645,21,39,0,0,70,169,4,7,329,0,0
0,0,0,0,0,0,0,0,0,1,0,0,0,0,0,0,0,0,0,0,0,0,0,0,0,0,0,0,0,1,0,0,1,39,0,0,47,0.006377,14,0,0,33,22,0.002985,171,0.023202,0,1,0,270,0.036635,58,31,0,0,41,165,0,21,416,0,0
1,0,1,0,0,0,0,0,0,0,0,0,2,0,0,0,0,0,0,0,0,0,0,0,0,0,0,0,0,0,0,16,1,122,0,5,71,0.072597,0,446,0.456032,1,2,0.002045,41,0.041922,0,0,0,19,0.022494,1,0,0,0,24,5,0,40,19,12,1
1,0,0,7,0,0,1,0,1,15,12,0,17,0,8,0,6,11,1,4,2,0,0,0,0,1,0,1,0,22,0,148,24,1486,2,0,640,0.009902,220,0,0,121,308,0.004765,1241,0.019201,0,57,65,1551,0.023997,119,440,0,7,334,1678,28,235,2669,124,0
0,46,0,0,0,0,0,7,1,11,6,0,72,50,29,0,2,3,0,0,0,10,3,0,0,0,0,0,2,3,0,267,11,881,0,0,1269,0.011772,413,0,0,213,1269,0.011772,2942,0.027291,0,57,100,4941,0.045835,532,853,0,0,982,4705,12,802,4483,13,0
0,3,0,0,0,0,23,7,6,28,0,0,5,4,28,0,0,5,0,0,0,3,6,0,0,0,0,0,0,0,0,99,2,74,0,0,354,0.010812,111,0,0,73,202,0.006169,656,0.020036,0,25,24,928,0.028344,104,152,0,0,197,1265,65,173,1153,54,0
0,3,0,0,0,0,0,0,0,0,0,1,0,2,0,0,0,0,0,0,0,0,0,0,0,0,0,0,0,0,0,16,2,263,0,0,61,0.010747,10,3919,0.690451,14,0,0,373,0.065715,0,9,4,21,0.003699,0,44,0,0,93,42,0,97,33,125,1
0,1,0,0,0,0,0,0,0,0,0,0,0,0,0,0,1,0,0,0,0,0,0,0,0,0,0,0,0,0,0,8,15,4282,0,5,21,0.004106,4,4715,0.921978,4,0,0,3181,0.622018,0.831443,0,5,15,0.002933,0,0,0,0,18,14,0,28,8,0,1
0,1,0,0,0,0,0,0,0,1,0,0,0,0,0,0,1,0,0,0,0,0,0,0,0,0,0,0,0,0,0,7,15,4282,0,4,20,0.003959,4,4339,0.859037,4,0,0,2391,0.473372,0.841835,0,0,14,0.002771,0,0,0,0,17,14,0,27,8,0,1
2,148,38,2,0,10,153,22,13,15,52,0,64,37,191,9,0,2,0,0,2,30,0,0,0,1,0,1,0,2,7,2646,0,0,0,0,13371,0.022859,2794,0,0,3305,2935,0.005017,7788,0.013314,0,75,1681,14116,0.0241324,1976,3045,0,0,5201,20338,54,2787,21935,219,0
1,0,0,0,0,0,0,0,0,0,0,0,1,0,0,0,0,0,0,0,0,0,0,0,0,0,0,0,0,0,0,15,1,129,0,7,67,0.058772,0,274,0.240351,1,0,0,73,0.064034,0,0,0,19,0.016667,1,0,0,0,26,15,0,33,17,16,1
0,0,3,0,0,0,0,0,0,1,0,0,7,5,6,0,0,0,0,0,0,0,0,0,0,0,0,0,0,0,0,100,2,216,10,0,610,0.034669,83,0,0,94,94,0.0053424,286,0.016254,0,3,108,624,0.035465,54,79,0,0,154,724,0,212,638,17,0
1,2,0,0,0,0,0,0,1,1,0,1,1,0,3,0,0,0,0,0,0,0,0,0,0,0,0,0,0,0,0,1,0,0,0,0,744,0.030411,5,24220,0.989985,9,1675,0.068465,8843,0.361455,0,0,222,882,0.036052,0,1,0,0,49,0,0,15,194,232,1
1,2,0,0,0,0,0,0,0,0,0,0,0,1,0,0,0,0,0,0,0,0,0,0,0,0,0,0,0,0,0,11,22,6518,0,7,39,0.004668,14,6976,0.835149,4,0,0,3182,0.380941,0.516701,0,8,18,0.002154,0,0,0,0,36,37,0,33,3,6,1
0,1,0,0,0,0,0,0,2,0,5,0,1,0,5,0,1,0,0,0,0,1,0,0,0,0,0,0,0,0,0,58,0,0,0,0,285,0.024628,94,0,0,21,32,0.002765,276,0.023851,0,2,1,584,0.050467,46,96,1,0,232,326,1,62,242,4,0
0,0,0,0,0,0,0,0,0,3,1,0,0,0,1,0,0,0,0,0,0,0,0,0,0,0,0,0,0,0,0,10,1,61,0,0,54,0.008554,33,0,0,10,18,0.002851,102,0.016157,0,0,1,86,0.013623,6,33,0,0,23,199,35,8,284,16,0
1,0,0,0,0,0,0,0,0,0,0,1,0,0,1,0,0,0,0,0,0,0,0,0,0,0,0,0,0,0,0,307,1,80,0,280,1810,0.091934,55,966,0.049065,10,0,0,1145,0.058157,0,5,5,490,0.024888,0,0,0,0,440,31,0,79,71,217,1
0,0,0,0,0,0,0,0,0,0,0,1,0,0,0,0,0,0,0,0,0,0,0,0,0,0,0,0,0,0,1,48,0,0,0,30,1715,0.280046,28,944,0.154148,50,0,0,255,0.041639,0,0,6,103,0.016819,2,1,0,0,109,103,0,37,19,54,1
0,37,30,31,4,7,14,39,16,38,12,0,72,28,133,4,3,3,0,4,4,16,7,0,1,5,2,10,0,7,0,1341,21,3652,38,0,5222,0.014785,2852,0,0,674,2323,0.006577,5148,0.014575,0,20,1132,11304,0.032005,1231,2001,0,3,2769,16355,72,1272,11931,170,0
0,45,48,36,6,14,45,80,28,67,32,0,125,42,239,7,4,8,1,4,4,31,12,0,1,10,2,17,1,31,0,2366,28,3943,48,0,9659,0.014841,5084,0,0,1746,3756,0.005771,9091,0.013969,0,43,1610,18844,0.028954,2050,3099,3,9,4525,28189,218,3084,22944,1046,0
2,2,0,0,0,0,0,0,0,0,0,3,0,0,1,0,0,0,0,0,0,0,0,0,0,0,0,0,0,0,0,9,1,69,0,8,65,0.020576,0,2250,0.712251,8,0,0,344,0.108895,0,0,14,16,0.005064,0,2,0,0,14,2,2,438,11,2,1
2,0,0,0,0,0,0,0,0,0,0,3,0,0,3,0,0,0,0,0,0,0,0,0,0,0,0,0,0,0,0,11,7,589,0,6,34,0.018868,0,1456,0.807991,7,0,0,338,0.187569,0,1,17,9,0.004995,0,47,0,0,9,5,0,30,10,2,1
0,0,1,0,0,0,0,0,2,2,4,0,6,1,11,1,0,2,0,0,0,0,0,0,0,0,0,0,0,0,0,100,1,42,5,0,396,0.016369,250,0,0,159,142,0.005869,315,0.013021,0,4,144,622,0.025712,82,129,0,0,185,968,4,98,713,31,0
0,1,10,7,0,0,14,10,8,11,8,0,28,9,12,0,2,0,0,0,0,7,2,0,0,0,0,0,0,0,0,516,0,0,5,0,1797,0.013614,10401,0,0,252,583,0.004416,1241,0.009402,0,12,101,3680,0.027881,350,422,0,0,906,5104,34,1090,5331,575,0
0,1,7,9,0,0,14,10,6,11,8,0,28,9,12,0,1,0,0,0,0,6,2,0,0,0,0,0,0,0,0,500,0,0,5,0,1782,0.013626,988,0,0,245,604,0.004618,1266,0.009681,0,11,97,3599,0.027521,337,448,0,0,877,4997,34,1068,5321,574,0
3,2,0,0,0,0,0,0,0,0,0,0,1,0,0,0,0,0,0,0,0,0,0,0,0,0,0,0,0,0,0,13,2,79,0,11,96,0.024477,2,2868,0.731259,4,2,0.000509,327,0.083375,0,2,12,21,0.005354,0,2,0,0,36,7,0,89,11,38,1
0,1,0,0,0,0,0,0,0,2,0,0,2,2,2,0,0,1,0,1,0,0,0,0,0,0,0,0,0,0,0,30,0,0,0,0,105,0.007147,93,0,0,31,144,0.009803,110,0.007488,0,0,15,299,0.020354,51,40,0,0,42,452,0,77,749,0,0
0,2,2,17,0,2,0,2,0,0,0,0,1,0,20,0,0,0,0,1,1,4,0,0,0,0,0,0,0,0,0,121,0,0,0,0,330,0.014689,155,0,0,50,164,0.007299,195,0.008679,0,2,32,569,0.025327,65,152,0,1,257,916,10,88,890,2,0
0,0,0,0,0,0,0,0,0,0,0,2,1,0,0,0,0,0,0,0,0,0,0,0,0,0,0,0,0,0,0,23,7,687,0,15,240,0.034281,0,6519,0.931153,12,0,0,59,0.008427,0,2,0,43,0.006142,3,0,0,0,56,13,0,22,32,32,1
1,2,0,0,0,0,0,0,0,0,0,0,4,0,0,0,0,0,0,0,0,0,0,0,0,0,0,0,0,0,0,11,0,0,28,4,49,0.017773,2,2333,0.846209,9,0,0,504,0.182807,0,7,28,65,0.023576,0,3,0,0,70,20,40,25,27,12,1
0,0,0,0,0,0,24,0,0,0,6,0,0,5,2,0,0,0,0,0,0,2,0,0,0,0,0,0,0,0,0,22,0,0,0,0,64,0.005682,59,0,0,31,80,0.007104,87,0.007725,0,1,10,227,0.020156,39,57,0,0,31,335,21,47,581,26,0
0,0,0,0,0,0,0,3,2,7,0,0,1,0,0,0,0,0,0,0,0,0,0,0,0,0,0,0,0,0,0,47,0,0,0,0,151,0.011674,114,0,0,38,80,0.006184,401,0.031001,0,11,70,443,0.034248,92,38,0,0,83,567,20,59,452,0,0
2,7,1,0,0,0,0,0,0,0,0,0,4,2,0,0,0,0,0,0,0,0,0,0,0,0,0,0,0,0,0,21,0,0,0,5,69,0.020628,3,2506,0.749178,8,0,0,365,0.109118,0,13,0,114,0.034081,0,15,0,0,120,46,57,46,59,16,1
1,0,1,5,0,0,0,6,0,0,7,2,2,0,2,0,0,2,0,0,2,1,0,0,0,0,0,3,0,0,0,76,0,0,0,0,259,0.015769,69,0,0,6,164,0.009985,136,0.008281,0,0,6,541,0.032993,61,83,0,2,155,467,1,60,713,20,0
1,6,7,2,0,0,0,19,2,1,6,3,15,0,45,0,2,0,0,0,8,33,5,0,0,0,2,5,0,0,0,294,2,111,6,0,1422,0.014642,653,0,0,217,1325,0.013643,1267,0.013046,0,8,266,3512,0.036163,539,709,2,0,736,3656,13,554,3580,44,0
0,25,0,0,0,0,0,0,2,0,0,0,0,0,8,1,2,0,0,0,0,0,0,0,0,0,0,0,0,0,0,71,0,0,14,0,2395,0.298889,34,2298,0.286784,18,22,0.002745,1048,0.130788,0,3,25,113,0.014102,19,4,0,0,133,291,0,31,96,0,1
1,0,0,0,0,0,0,0,0,0,0,0,0,814,0,0,0,0,0,0,0,0,0,0,0,0,0,0,0,0,1,5,15,698,0,0,433,0.016961,0,5745,0.225382,37,0,0,6021,0.235841,0,24,0,850,0.033294,2,3,0,0,88,845,0,1330,1016,2386,1
0,0,6,2,0,0,0,11,1,4,6,3,15,23,8,0,1,0,0,0,0,10,2,0,0,2,0,1,24,10,0,233,4,188,0,0,1172,0.017515,386,0,0,212,226,0.003377,1613,0.024105,0,38,0,2062,0.030815,343,305,1,0,516,1681,2,288,2524,97,0
0,1,0,0,0,0,0,0,0,0,0,3,0,0,0,0,0,0,0,0,0,0,0,0,0,0,0,0,0,0,14,6,0,0,0,3,15,0.003946,7,0,0,0,0,0,851,0.223889,0,2,0,104,0.027361,24,0,0,0,25,242,0,5,121,78,1
1,1,0,0,0,0,0,0,1,2,0,1,1,0,2,0,0,0,0,0,0,0,0,0,0,0,0,0,0,0,0,1,0,0,0,1,336,0.032445,5,10026,0.968134,20,695,0.067111,3409,0.329181,0,2,18,526,0.050792,2,3,0,0,363,237,0,53,7,26,1
0,16,3,0,0,0,0,0,2,15,1,0,0,0,4,0,0,0,0,0,0,0,0,0,0,0,0,0,0,0,0,67,5,481,0,0,380,0.010473,106,0,0,81,214,0.005898,565,0.015572,0,9,20,945,0.026045,186,160,0,0,211,1219,8,318,1358,143,0
1,1,0,0,0,0,0,0,1,2,0,1,1,0,2,0,0,0,0,0,0,0,0,0,0,0,0,0,0,0,0,1,0,0,0,1,379,0.035213,5,10443,0.970268,23,706,0.065595,3488,0.324073,0,2,18,560,0.052031,2,1,0,0,438,243,0,58,7,26,1
1,0,1,0,0,0,1,1,1,5,6,0,2,4,1,0,0,0,0,0,2,5,2,9,0,1,0,0,0,3,0,63,0,0,27,59,201,0.004063,110,15054,0.304361,143,561,0.011342,14785,0.298922,0,1,109,534,0.010796,86,157,2,0,260,893,5,128,31,3902,1
